county,state,area
Autauga, Alabama,604.49
Baldwin, Alabama,2027.08
Barbour, Alabama,904.59
Bibb, Alabama,625.5
Blount, Alabama,650.65
Bullock, Alabama,626.11
Butler, Alabama,777.99
Calhoun, Alabama,612.35
Chambers, Alabama,603.15
Cherokee, Alabama,600
Chilton, Alabama,700.8
Choctaw, Alabama,920.91
Clarke, Alabama,1252.6
Clay, Alabama,606.05
Cleburne, Alabama,561.06
Coffee, Alabama,680.52
Colbert, Alabama,623.66
Conecuh, Alabama,852.58
Coosa, Alabama,666.41
Covington, Alabama,1043.95
Crenshaw, Alabama,610.91
Cullman, Alabama,754.86
Dale, Alabama,562.72
Dallas, Alabama,993.46
DeKalb, Alabama,778.71
Elmore, Alabama,657.26
Escambia, Alabama,953.04
Etowah, Alabama,548.81
Fayette, Alabama,629.38
Franklin, Alabama,646.55
Geneva, Alabama,578.96
Greene, Alabama,659.99
Hale, Alabama,656.52
Henry, Alabama,568.38
Houston, Alabama,581.71
Jackson, Alabama,1126.82
Jefferson, Alabama,1123.87
Lamar, Alabama,605.51
Lauderdale, Alabama,718.84
Lawrence, Alabama,718.13
Lee, Alabama,615.61
Limestone, Alabama,607.12
Lowndes, Alabama,725.09
Macon, Alabama,613.29
Madison, Alabama,812.89
Marengo, Alabama,982.92
Marion, Alabama,743.62
Marshall, Alabama,623.21
Mobile, Alabama,1644.14
Monroe, Alabama,1034.62
Montgomery, Alabama,799.81
Morgan, Alabama,599.09
Perry, Alabama,724.13
Pickens, Alabama,890.1
Pike, Alabama,672.15
Randolph, Alabama,584.15
Russell, Alabama,647.44
St. Clair, Alabama,653.66
Shelby, Alabama,809.6
Sumter, Alabama,913.35
Talladega, Alabama,760.32
Tallapoosa, Alabama,766.3
Tuscaloosa, Alabama,1352.03
Walker, Alabama,805.36
Washington, Alabama,1088.62
Wilcox, Alabama,907.54
Winston, Alabama,631.9
Aleutians East, Alaska,15011.77
Aleutians West, Alaska,14114.7
Anchorage, Alaska,1961.51
Bethel, Alaska,45954.59
Bristol Bay, Alaska,917.61
Denali, Alaska,0
Dillingham, Alaska,20613.12
Fairbanks North Star, Alaska,7443.68
Haines, Alaska,2754.1
Hoonah-Angoon, Alaska,17500.23
Juneau, Alaska,3081.12
Kenai Peninsula, Alaska,21664.33
Ketchikan Gateway, Alaska,1743.55
Kodiak Island, Alaska,11845.9
Lake and Peninsula, Alaska,29008.24
Matanuska-Susitna, Alaska,25232.41
Nome, Alaska,28276.17
North Slope, Alaska,93823.1
Northwest Arctic, Alaska,40660.96
Petersburg, Alaska,8973.77
Prince of Wales-Hyder, Alaska,12566.41
Sitka, Alaska,4849.75
Skagway, Alaska,0
Southeast Fairbanks, Alaska,26235.44
Valdez-Cordova, Alaska,43515.67
Wade Hampton, Alaska,19680.08
Wrangell, Alaska,0
Yakutat, Alaska,0
Yukon-Koyukuk, Alaska,158995.95
Apache, Arizona,11219.17
Cochise, Arizona,6219.32
Coconino, Arizona,18662.57
Gila, Arizona,4796.14
Graham, Arizona,4641.47
Greenlee, Arizona,1848.55
La Paz, Arizona,4513.66
Maricopa, Arizona,9224.86
Mohave, Arizona,13470.5
Navajo, Arizona,9960.22
Pima, Arizona,9189.44
Pinal, Arizona,5374.49
Santa Cruz, Arizona,1238.22
Yavapai, Arizona,8128.33
Yuma, Arizona,5519.32
Arkansas, Arkansas,1033.85
Ashley, Arkansas,939.16
Baxter, Arkansas,586.78
Benton, Arkansas,876.82
Boone, Arkansas,601.86
Bradley, Arkansas,654.43
Calhoun, Arkansas,632.59
Carroll, Arkansas,642.33
Chicot, Arkansas,690.93
Clark, Arkansas,882.68
Clay, Arkansas,641.47
Cleburne, Arkansas,591.95
Cleveland, Arkansas,598.84
Columbia, Arkansas,766.94
Conway, Arkansas,566.71
Craighead, Arkansas,713.03
Crawford, Arkansas,604.24
Crittenden, Arkansas,636.73
Cross, Arkansas,622.38
Dallas, Arkansas,668.21
Desha, Arkansas,819.57
Drew, Arkansas,835.71
Faulkner, Arkansas,664.05
Franklin, Arkansas,619.72
Fulton, Arkansas,620.36
Garland, Arkansas,734.61
Grant, Arkansas,633.06
Greene, Arkansas,579.69
Hempstead, Arkansas,741.42
Hot Spring, Arkansas,622.2
Howard, Arkansas,595.24
Independence, Arkansas,771.64
Izard, Arkansas,584.07
Jackson, Arkansas,641.5
Jefferson, Arkansas,913.75
Johnson, Arkansas,682.78
Lafayette, Arkansas,545.11
Lawrence, Arkansas,592.39
Lee, Arkansas,619.5
Lincoln, Arkansas,572.21
Little River, Arkansas,564.9
Logan, Arkansas,731.55
Lonoke, Arkansas,802.48
Madison, Arkansas,837.13
Marion, Arkansas,640.38
Miller, Arkansas,637.53
Mississippi, Arkansas,919.8
Monroe, Arkansas,621.46
Montgomery, Arkansas,800.34
Nevada, Arkansas,620.83
Newton, Arkansas,823.24
Ouachita, Arkansas,739.7
Perry, Arkansas,560.51
Phillips, Arkansas,727.34
Pike, Arkansas,613.93
Poinsett, Arkansas,763.44
Polk, Arkansas,862.47
Pope, Arkansas,830.84
Prairie, Arkansas,675.81
Pulaski, Arkansas,807.91
Randolph, Arkansas,656.08
St. Francis, Arkansas,642.44
Saline, Arkansas,730.5
Scott, Arkansas,898.15
Searcy, Arkansas,668.56
Sebastian, Arkansas,546.07
Sevier, Arkansas,581.38
Sharp, Arkansas,606.39
Stone, Arkansas,609.47
Union, Arkansas,1055.36
Van Buren, Arkansas,724.36
Washington, Arkansas,956.07
White, Arkansas,1042.43
Woodruff, Arkansas,594.09
Yell, Arkansas,948.89
Alameda, California,821.26
Alpine, California,743.23
Amador, California,604.26
Butte, California,1677.22
Calaveras, California,1036.92
Colusa, California,1156.32
Contra Costa, California,802.18
Del Norte, California,1229.84
El Dorado, California,1791.29
Fresno, California,6017.89
Glenn, California,1327.25
Humboldt, California,4052.52
Imperial, California,4482.08
Inyo, California,10227.75
Kern, California,8162.03
Kings, California,1391.58
Lake, California,1329.59
Lassen, California,4720.61
Los Angeles, California,4752.32
Madera, California,2153.39
Marin, California,828.22
Mariposa, California,1462.89
Mendocino, California,3878.5
Merced, California,1972.02
Modoc, California,4203.62
Mono, California,3131.89
Monterey, California,3771.11
Napa, California,788.34
Nevada, California,974.54
Orange, California,947.91
Placer, California,1500.24
Plumas, California,2613.75
Riverside, California,7303.81
Sacramento, California,995.65
San Benito, California,1390.81
San Bernardino, California,20106.39
San Diego, California,4525.92
San Francisco, California,231.89
San Joaquin, California,1426.37
San Luis Obispo, California,3615.73
San Mateo, California,741.07
Santa Barbara, California,3789.56
Santa Clara, California,1304.53
Santa Cruz, California,607.72
Shasta, California,3847.61
Sierra, California,962.03
Siskiyou, California,6347.81
Solano, California,906.85
Sonoma, California,1768.35
Stanislaus, California,1514.8
Sutter, California,608.86
Tehama, California,2962.3
Trinity, California,3207.79
Tulare, California,4839.41
Tuolumne, California,2274.52
Ventura, California,2208.36
Yolo, California,1022.87
Yuba, California,643.55
Adams, Colorado,1197.83
Alamosa, Colorado,723.59
Arapahoe, Colorado,805.47
Archuleta, Colorado,1354.65
Baca, Colorado,2557.24
Bent, Colorado,1541.25
Boulder, Colorado,751.4
Broomfield, Colorado,0
Chaffee, Colorado,1015.07
Cheyenne, Colorado,1781.5
Clear Creek, Colorado,396.47
Conejos, Colorado,1290.99
Costilla, Colorado,1230.55
Crowley, Colorado,800.38
Custer, Colorado,739.95
Delta, Colorado,1148.61
Denver, Colorado,154.88
Dolores, Colorado,1068.14
Douglas, Colorado,842.81
Eagle, Colorado,1691.89
Elbert, Colorado,1851.01
El Paso, Colorado,2129.71
Fremont, Colorado,1534.06
Garfield, Colorado,2956.08
Gilpin, Colorado,150.26
Grand, Colorado,1869.7
Gunnison, Colorado,3259.94
Hinsdale, Colorado,1123.22
Huerfano, Colorado,1593.36
Jackson, Colorado,1621.05
Jefferson, Colorado,778.2
Kiowa, Colorado,1785.87
Kit Carson, Colorado,2161.71
Lake, Colorado,383.93
La Plata, Colorado,1700.03
Larimer, Colorado,2634
Las Animas, Colorado,4775.74
Lincoln, Colorado,2586.56
Logan, Colorado,1844.96
Mesa, Colorado,3341.28
Mineral, Colorado,877.82
Moffat, Colorado,4751.21
Montezuma, Colorado,2040.08
Montrose, Colorado,2242.71
Morgan, Colorado,1293.97
Otero, Colorado,1269.81
Ouray, Colorado,542.26
Park, Colorado,2210.82
Phillips, Colorado,687.78
Pitkin, Colorado,973.28
Prowers, Colorado,1644.46
Pueblo, Colorado,2397.86
Rio Blanco, Colorado,3223.1
Rio Grande, Colorado,913.13
Routt, Colorado,2368.19
Saguache, Colorado,3170.46
San Juan, Colorado,388.31
San Miguel, Colorado,1288.54
Sedgwick, Colorado,549.64
Summit, Colorado,619.29
Teller, Colorado,558.99
Washington, Colorado,2524.29
Weld, Colorado,4021.76
Yuma, Colorado,2369.22
Fairfield, Connecticut,837.01
Hartford, Connecticut,750.61
Litchfield, Connecticut,944.63
Middlesex, Connecticut,439.07
New Haven, Connecticut,862.06
New London, Connecticut,771.71
Tolland, Connecticut,417.03
Windham, Connecticut,521.51
Kent, Delaware,800.14
New Castle, Delaware,493.53
Sussex, Delaware,1195.7
Alachua, Florida,969.18
Baker, Florida,588.92
Bay, Florida,1033.35
Bradford, Florida,300.06
Brevard, Florida,1557.25
Broward, Florida,1319.74
Calhoun, Florida,574.38
Charlotte, Florida,859.28
Citrus, Florida,773.24
Clay, Florida,643.73
Collier, Florida,2305.09
Columbia, Florida,801.12
DeSoto, Florida,639.55
Dixie, Florida,863.71
Duval, Florida,918.28
Escambia, Florida,893.94
Flagler, Florida,570.79
Franklin, Florida,1026.45
Gadsden, Florida,528.51
Gilchrist, Florida,355.49
Glades, Florida,986.19
Gulf, Florida,755.78
Hamilton, Florida,519.35
Hardee, Florida,638.38
Hendry, Florida,1189.89
Hernando, Florida,589.12
Highlands, Florida,1106.36
Hillsborough, Florida,1266.36
Holmes, Florida,488.75
Indian River, Florida,616.97
Jackson, Florida,954.67
Jefferson, Florida,636.68
Lafayette, Florida,547.96
Lake, Florida,1156.51
Lee, Florida,1212
Leon, Florida,701.83
Levy, Florida,1412.41
Liberty, Florida,843.22
Madison, Florida,715.89
Manatee, Florida,892.84
Marion, Florida,1663.1
Martin, Florida,752.86
Miami-Dade, Florida,2429.59
Monroe, Florida,3737.42
Nassau, Florida,725.9
Okaloosa, Florida,1082.09
Okeechobee, Florida,891.98
Orange, Florida,1004.31
Osceola, Florida,1506.49
Palm Beach, Florida,2386.53
Pasco, Florida,868.02
Pinellas, Florida,607.75
Polk, Florida,2010.19
Putnam, Florida,827.22
St. Johns, Florida,821.47
St. Lucie, Florida,688.13
Santa Rosa, Florida,1155.31
Sarasota, Florida,725.27
Seminole, Florida,344.9
Sumter, Florida,580.35
Suwannee, Florida,691.94
Taylor, Florida,1232.05
Union, Florida,249.72
Volusia, Florida,1432.51
Wakulla, Florida,735.78
Walton, Florida,1238.13
Washington, Florida,615.84
Appling, Georgia,512.15
Atkinson, Georgia,344.12
Bacon, Georgia,285.94
Baker, Georgia,349.19
Baldwin, Georgia,267.52
Banks, Georgia,233.88
Barrow, Georgia,162.85
Bartow, Georgia,470.56
Ben Hill, Georgia,254.04
Berrien, Georgia,457.81
Bibb, Georgia,255.17
Bleckley, Georgia,219.14
Brantley, Georgia,447.44
Brooks, Georgia,497.81
Bryan, Georgia,454.54
Bulloch, Georgia,688.92
Burke, Georgia,835.06
Butts, Georgia,190.02
Calhoun, Georgia,283.59
Camden, Georgia,782.52
Candler, Georgia,248.85
Carroll, Georgia,503.86
Catoosa, Georgia,162.67
Charlton, Georgia,783.01
Chatham, Georgia,646.32
Chattahoochee, Georgia,251.19
Chattooga, Georgia,313.97
Cherokee, Georgia,434.03
Clarke, Georgia,121.29
Clay, Georgia,217.01
Clayton, Georgia,144.29
Clinch, Georgia,824.24
Cobb, Georgia,344.54
Coffee, Georgia,602.67
Colquitt, Georgia,556.59
Columbia, Georgia,307.8
Cook, Georgia,233.24
Coweta, Georgia,446.01
Crawford, Georgia,326.48
Crisp, Georgia,281.21
Dade, Georgia,174.1
Dawson, Georgia,213.95
Decatur, Georgia,623.2
DeKalb, Georgia,270.94
Dodge, Georgia,503.2
Dooly, Georgia,397.15
Dougherty, Georgia,334.67
Douglas, Georgia,200.27
Early, Georgia,516.31
Echols, Georgia,420.83
Effingham, Georgia,482.89
Elbert, Georgia,374.57
Emanuel, Georgia,690.4
Evans, Georgia,186.9
Fannin, Georgia,391.46
Fayette, Georgia,199.27
Floyd, Georgia,518.5
Forsyth, Georgia,247.38
Franklin, Georgia,266.38
Fulton, Georgia,534.59
Gilmer, Georgia,431.85
Glascock, Georgia,144.46
Glynn, Georgia,583.07
Gordon, Georgia,357.63
Grady, Georgia,460.37
Greene, Georgia,406.28
Gwinnett, Georgia,436.74
Habersham, Georgia,279.21
Hall, Georgia,429.21
Hancock, Georgia,478.8
Haralson, Georgia,283.19
Harris, Georgia,472.97
Hart, Georgia,256.43
Heard, Georgia,301.11
Henry, Georgia,324.49
Houston, Georgia,379.87
Irwin, Georgia,362.75
Jackson, Georgia,343.02
Jasper, Georgia,373.6
Jeff Davis, Georgia,335.46
Jefferson, Georgia,529.6
Jenkins, Georgia,352.48
Johnson, Georgia,306.54
Jones, Georgia,395.41
Lamar, Georgia,185.81
Lanier, Georgia,199.84
Laurens, Georgia,818.56
Lee, Georgia,362.03
Liberty, Georgia,602.58
Lincoln, Georgia,257.31
Long, Georgia,403.53
Lowndes, Georgia,510.66
Lumpkin, Georgia,284.89
McDuffie, Georgia,266.32
McIntosh, Georgia,574.76
Macon, Georgia,405.99
Madison, Georgia,285.6
Marion, Georgia,367.53
Meriwether, Georgia,505.39
Miller, Georgia,283.74
Mitchell, Georgia,513.84
Monroe, Georgia,397.83
Montgomery, Georgia,247.34
Morgan, Georgia,354.62
Murray, Georgia,346.9
Muscogee, Georgia,221.02
Newton, Georgia,279.21
Oconee, Georgia,186.15
Oglethorpe, Georgia,442.2
Paulding, Georgia,315.09
Peach, Georgia,151.47
Pickens, Georgia,232.8
Pierce, Georgia,343.67
Pike, Georgia,219.45
Polk, Georgia,312.16
Pulaski, Georgia,249.87
Putnam, Georgia,360.66
Quitman, Georgia,160.93
Rabun, Georgia,377.01
Randolph, Georgia,430.92
Richmond, Georgia,328.5
Rockdale, Georgia,132.13
Schley, Georgia,167.83
Screven, Georgia,655.66
Seminole, Georgia,256.58
Spalding, Georgia,199.61
Stephens, Georgia,184.24
Stewart, Georgia,463.26
Sumter, Georgia,492.58
Talbot, Georgia,394.77
Taliaferro, Georgia,195.48
Tattnall, Georgia,488.27
Taylor, Georgia,379.65
Telfair, Georgia,444.12
Terrell, Georgia,337.65
Thomas, Georgia,552.13
Tift, Georgia,268.88
Toombs, Georgia,368.67
Towns, Georgia,171.87
Treutlen, Georgia,202.22
Troup, Georgia,445.99
Turner, Georgia,289.87
Twiggs, Georgia,362.92
Union, Georgia,329.19
Upson, Georgia,327.67
Walker, Georgia,446.74
Walton, Georgia,330.07
Ware, Georgia,906.62
Warren, Georgia,286.76
Washington, Georgia,684.43
Wayne, Georgia,648.85
Webster, Georgia,210.27
Wheeler, Georgia,300.16
White, Georgia,242.18
Whitfield, Georgia,290.68
Wilcox, Georgia,383.32
Wilkes, Georgia,474.03
Wilkinson, Georgia,452.03
Worth, Georgia,574.61
Hawaii, Hawaii,5086.97
Honolulu, Hawaii,2126.98
Kalawao, Hawaii,52.33
Kauai, Hawaii,1266.45
Maui, Hawaii,2398.87
Ada, Idaho,1060.38
Adams, Idaho,1370.11
Bannock, Idaho,1147.5
Bear Lake, Idaho,1049.49
Benewah, Idaho,784.01
Bingham, Idaho,2120.34
Blaine, Idaho,2661.14
Boise, Idaho,1906.81
Bonner, Idaho,1919.62
Bonneville, Idaho,1900.74
Boundary, Idaho,1278.2
Butte, Idaho,2233.66
Camas, Idaho,1079.06
Canyon, Idaho,603.52
Caribou, Idaho,1798.73
Cassia, Idaho,2580.45
Clark, Idaho,1765.28
Clearwater, Idaho,2488.26
Custer, Idaho,4936.92
Elmore, Idaho,3100.69
Franklin, Idaho,668.4
Fremont, Idaho,1895.67
Gem, Idaho,565.77
Gooding, Idaho,733.89
Idaho, Idaho,8502.78
Jefferson, Idaho,1105.62
Jerome, Idaho,601.91
Kootenai, Idaho,1315.77
Latah, Idaho,1076.94
Lemhi, Idaho,4569.68
Lewis, Idaho,479.83
Lincoln, Idaho,1205.92
Madison, Idaho,473.39
Minidoka, Idaho,763.03
Nez Perce, Idaho,856.4
Oneida, Idaho,1201.69
Owyhee, Idaho,7697.11
Payette, Idaho,410.19
Power, Idaho,1442.69
Shoshone, Idaho,2635.6
Teton, Idaho,450.6
Twin Falls, Idaho,1928.57
Valley, Idaho,3733.85
Washington, Idaho,1473.6
Adams, Illinois,871.32
Alexander, Illinois,252.55
Bond, Illinois,382.67
Boone, Illinois,281.96
Brown, Illinois,307.26
Bureau, Illinois,873.36
Calhoun, Illinois,283.71
Carroll, Illinois,465.81
Cass, Illinois,383.76
Champaign, Illinois,997.56
Christian, Illinois,715.71
Clark, Illinois,504.91
Clay, Illinois,469.87
Clinton, Illinois,503.5
Coles, Illinois,510.1
Cook, Illinois,1634.89
Crawford, Illinois,445.77
Cumberland, Illinois,347.02
DeKalb, Illinois,635.02
De Witt, Illinois,405.18
Douglas, Illinois,417.44
DuPage, Illinois,336.87
Edgar, Illinois,624.22
Edwards, Illinois,222.67
Effingham, Illinois,479.93
Fayette, Illinois,725.39
Ford, Illinois,486.44
Franklin, Illinois,431.42
Fulton, Illinois,882.66
Gallatin, Illinois,328.42
Greene, Illinois,546.37
Grundy, Illinois,430.44
Hamilton, Illinois,435.86
Hancock, Illinois,814.58
Hardin, Illinois,181.54
Henderson, Illinois,395.15
Henry, Illinois,825.64
Iroquois, Illinois,1118.11
Jackson, Illinois,602.54
Jasper, Illinois,498.06
Jefferson, Illinois,583.74
Jersey, Illinois,377.05
Jo Daviess, Illinois,618.79
Johnson, Illinois,348.89
Kane, Illinois,524.12
Kankakee, Illinois,681.49
Kendall, Illinois,322.69
Knox, Illinois,719.74
Lake, Illinois,1368.05
LaSalle, Illinois,1148.12
Lawrence, Illinois,373.97
Lee, Illinois,729.34
Livingston, Illinois,1045.49
Logan, Illinois,619.04
McDonough, Illinois,590.06
McHenry, Illinois,611.18
McLean, Illinois,1186.33
Macon, Illinois,585.4
Macoupin, Illinois,867.65
Madison, Illinois,740.39
Marion, Illinois,575.73
Marshall, Illinois,398.53
Mason, Illinois,563.41
Massac, Illinois,242.13
Menard, Illinois,315.4
Mercer, Illinois,568.91
Monroe, Illinois,397.73
Montgomery, Illinois,709.79
Morgan, Illinois,572.29
Moultrie, Illinois,344.48
Ogle, Illinois,763.33
Peoria, Illinois,630.91
Perry, Illinois,446.84
Piatt, Illinois,440.35
Pike, Illinois,848.92
Pope, Illinois,374.65
Pulaski, Illinois,203.34
Putnam, Illinois,172.25
Randolph, Illinois,597.29
Richland, Illinois,362.03
Rock Island, Illinois,451.19
St. Clair, Illinois,673.99
Saline, Illinois,386.99
Sangamon, Illinois,877.11
Schuyler, Illinois,441.43
Scott, Illinois,252.79
Shelby, Illinois,768.09
Stark, Illinois,288.23
Stephenson, Illinois,564.78
Tazewell, Illinois,657.94
Union, Illinois,422.15
Vermilion, Illinois,902.18
Wabash, Illinois,227.78
Warren, Illinois,543.21
Washington, Illinois,564.15
Wayne, Illinois,715.6
White, Illinois,501.72
Whiteside, Illinois,697.06
Will, Illinois,849.45
Williamson, Illinois,444.4
Winnebago, Illinois,519.33
Woodford, Illinois,542.78
Adams, Indiana,339.95
Allen, Indiana,660.14
Bartholomew, Indiana,409.38
Benton, Indiana,406.42
Blackford, Indiana,165.42
Boone, Indiana,423.31
Brown, Indiana,316.65
Carroll, Indiana,375.06
Cass, Indiana,414.95
Clark, Indiana,376.23
Clay, Indiana,360.42
Clinton, Indiana,405.3
Crawford, Indiana,308.87
Daviess, Indiana,436.89
Dearborn, Indiana,307.08
Decatur, Indiana,373.44
DeKalb, Indiana,363.87
Delaware, Indiana,395.95
Dubois, Indiana,435.25
Elkhart, Indiana,467.87
Fayette, Indiana,215.14
Floyd, Indiana,148.33
Fountain, Indiana,397.95
Franklin, Indiana,391.36
Fulton, Indiana,371.39
Gibson, Indiana,499.08
Grant, Indiana,414.84
Greene, Indiana,545.95
Hamilton, Indiana,402.75
Hancock, Indiana,306.75
Harrison, Indiana,486.91
Hendricks, Indiana,408.9
Henry, Indiana,394.93
Howard, Indiana,293.94
Huntington, Indiana,387.95
Jackson, Indiana,513.79
Jasper, Indiana,561.26
Jay, Indiana,383.84
Jefferson, Indiana,362.97
Jennings, Indiana,378.38
Johnson, Indiana,321.58
Knox, Indiana,524.08
Kosciusko, Indiana,554.36
LaGrange, Indiana,386.73
Lake, Indiana,626.38
LaPorte, Indiana,613.09
Lawrence, Indiana,452.1
Madison, Indiana,452.94
Marion, Indiana,403.11
Marshall, Indiana,449.95
Martin, Indiana,340.55
Miami, Indiana,377.38
Monroe, Indiana,411.34
Montgomery, Indiana,505.39
Morgan, Indiana,409.41
Newton, Indiana,403.56
Noble, Indiana,417.63
Ohio, Indiana,87.48
Orange, Indiana,408.23
Owen, Indiana,387.85
Parke, Indiana,450.12
Perry, Indiana,386.36
Pike, Indiana,341.1
Porter, Indiana,521.64
Posey, Indiana,419.47
Pulaski, Indiana,434.59
Putnam, Indiana,482.61
Randolph, Indiana,453.27
Ripley, Indiana,447.95
Rush, Indiana,408.65
St. Joseph, Indiana,460.97
Scott, Indiana,192.74
Shelby, Indiana,413.14
Spencer, Indiana,401.26
Starke, Indiana,312.33
Steuben, Indiana,322.5
Sullivan, Indiana,454.08
Switzerland, Indiana,223.54
Tippecanoe, Indiana,503.12
Tipton, Indiana,260.43
Union, Indiana,165.26
Vanderburgh, Indiana,235.76
Vermillion, Indiana,259.95
Vigo, Indiana,410.5
Wabash, Indiana,421.1
Warren, Indiana,366.63
Warrick, Indiana,390.87
Washington, Indiana,516.57
Wayne, Indiana,404.38
Wells, Indiana,370.43
White, Indiana,508.82
Whitley, Indiana,337.91
Adair, Iowa,570.33
Adams, Iowa,425.42
Allamakee, Iowa,658.75
Appanoose, Iowa,516.39
Audubon, Iowa,443.6
Benton, Iowa,718.52
Black Hawk, Iowa,571.96
Boone, Iowa,573.54
Bremer, Iowa,439.64
Buchanan, Iowa,573.38
Buena Vista, Iowa,580.1
Butler, Iowa,581.6
Calhoun, Iowa,572.33
Carroll, Iowa,570.27
Cass, Iowa,565.03
Cedar, Iowa,582.01
Cerro Gordo, Iowa,575.18
Cherokee, Iowa,577.38
Chickasaw, Iowa,505.53
Clarke, Iowa,431.75
Clay, Iowa,572.56
Clayton, Iowa,792.85
Clinton, Iowa,710.26
Crawford, Iowa,715.04
Dallas, Iowa,591.77
Davis, Iowa,504.93
Decatur, Iowa,533.36
Delaware, Iowa,579.08
Des Moines, Iowa,429.83
Dickinson, Iowa,403.71
Dubuque, Iowa,616.63
Emmet, Iowa,402.4
Fayette, Iowa,731.47
Floyd, Iowa,501.33
Franklin, Iowa,583.06
Fremont, Iowa,516.79
Greene, Iowa,571.16
Grundy, Iowa,502.58
Guthrie, Iowa,593.09
Hamilton, Iowa,577.47
Hancock, Iowa,573.18
Hardin, Iowa,569.99
Harrison, Iowa,700.99
Henry, Iowa,436.71
Howard, Iowa,473.8
Humboldt, Iowa,435.75
Ida, Iowa,432.26
Iowa, Iowa,587.39
Jackson, Iowa,649.81
Jasper, Iowa,732.97
Jefferson, Iowa,436.76
Johnson, Iowa,623.41
Jones, Iowa,576.74
Keokuk, Iowa,579.99
Kossuth, Iowa,974.46
Lee, Iowa,538.8
Linn, Iowa,724.62
Louisa, Iowa,417.67
Lucas, Iowa,434.21
Lyon, Iowa,587.68
Madison, Iowa,562.33
Mahaska, Iowa,573.45
Marion, Iowa,570.58
Marshall, Iowa,573.07
Mills, Iowa,439.7
Mitchell, Iowa,469.42
Monona, Iowa,698.89
Monroe, Iowa,434.14
Montgomery, Iowa,424.84
Muscatine, Iowa,449.09
O'Brien, Iowa,573.3
Osceola, Iowa,399.52
Page, Iowa,535.38
Palo Alto, Iowa,569.45
Plymouth, Iowa,864.02
Pocahontas, Iowa,579.17
Polk, Iowa,591.94
Pottawattamie, Iowa,960.01
Poweshiek, Iowa,586.22
Ringgold, Iowa,538.96
Sac, Iowa,578.42
Scott, Iowa,468.2
Shelby, Iowa,591.4
Sioux, Iowa,768.65
Story, Iowa,573.73
Tama, Iowa,722.42
Taylor, Iowa,534.85
Union, Iowa,425.98
Van Buren, Iowa,490.59
Wapello, Iowa,436.02
Warren, Iowa,573.24
Washington, Iowa,570.81
Wayne, Iowa,527.12
Webster, Iowa,718.1
Winnebago, Iowa,401.59
Winneshiek, Iowa,689.93
Woodbury, Iowa,877.43
Worth, Iowa,401.73
Wright, Iowa,582.58
Allen, Kansas,505.24
Anderson, Kansas,584.35
Atchison, Kansas,435.06
Barber, Kansas,1136.27
Barton, Kansas,900.5
Bourbon, Kansas,638.88
Brown, Kansas,572.23
Butler, Kansas,1446.49
Chase, Kansas,778.06
Chautauqua, Kansas,644.87
Cherokee, Kansas,591.02
Cheyenne, Kansas,1020.89
Clark, Kansas,977.27
Clay, Kansas,655.46
Cloud, Kansas,718.51
Coffey, Kansas,654.63
Comanche, Kansas,789.75
Cowley, Kansas,1132.67
Crawford, Kansas,595.11
Decatur, Kansas,894.23
Dickinson, Kansas,852.66
Doniphan, Kansas,397.1
Douglas, Kansas,474.5
Edwards, Kansas,622.13
Elk, Kansas,650.41
Ellis, Kansas,900.52
Ellsworth, Kansas,723.47
Finney, Kansas,1302.69
Ford, Kansas,1099.35
Franklin, Kansas,576.7
Geary, Kansas,403.95
Gove, Kansas,1071.55
Graham, Kansas,898.72
Grant, Kansas,575.1
Gray, Kansas,869.39
Greeley, Kansas,778.05
Greenwood, Kansas,1152.66
Hamilton, Kansas,997.66
Harper, Kansas,803
Harvey, Kansas,540.54
Haskell, Kansas,577.75
Hodgeman, Kansas,860.29
Jackson, Kansas,657.9
Jefferson, Kansas,556.98
Jewell, Kansas,914.51
Johnson, Kansas,480.18
Kearny, Kansas,871.57
Kingman, Kansas,866.75
Kiowa, Kansas,722.67
Labette, Kansas,653.36
Lane, Kansas,717.48
Leavenworth, Kansas,468.36
Lincoln, Kansas,719.97
Linn, Kansas,606.35
Logan, Kansas,1073.17
Lyon, Kansas,855.21
McPherson, Kansas,901.29
Marion, Kansas,953.59
Marshall, Kansas,904.41
Meade, Kansas,979.72
Miami, Kansas,590.2
Mitchell, Kansas,718.65
Montgomery, Kansas,651.45
Morris, Kansas,702.9
Morton, Kansas,729.99
Nemaha, Kansas,719.43
Neosho, Kansas,578.09
Ness, Kansas,1075.07
Norton, Kansas,881.42
Osage, Kansas,719.29
Osborne, Kansas,894.31
Ottawa, Kansas,721.94
Pawnee, Kansas,754.6
Phillips, Kansas,894.84
Pottawatomie, Kansas,862.12
Pratt, Kansas,735.79
Rawlins, Kansas,1069.79
Reno, Kansas,1271.33
Republic, Kansas,720.36
Rice, Kansas,728.33
Riley, Kansas,622.15
Rooks, Kansas,895.4
Rush, Kansas,718.45
Russell, Kansas,899.03
Saline, Kansas,721.32
Scott, Kansas,717.7
Sedgwick, Kansas,1009.48
Seward, Kansas,640.55
Shawnee, Kansas,556.35
Sheridan, Kansas,896.66
Sherman, Kansas,1056.08
Smith, Kansas,896.56
Stafford, Kansas,794.77
Stanton, Kansas,680.12
Stevens, Kansas,727.78
Sumner, Kansas,1184.86
Thomas, Kansas,1074.97
Trego, Kansas,899.09
Wabaunsee, Kansas,799.86
Wallace, Kansas,914.12
Washington, Kansas,898.88
Wichita, Kansas,718.59
Wilson, Kansas,575.04
Woodson, Kansas,505.5
Wyandotte, Kansas,155.7
Adair, Kentucky,412.25
Allen, Kentucky,352.06
Anderson, Kentucky,204.3
Ballard, Kentucky,273.62
Barren, Kentucky,499.95
Bath, Kentucky,283.96
Bell, Kentucky,361.36
Boone, Kentucky,256.98
Bourbon, Kentucky,291.68
Boyd, Kentucky,161.83
Boyle, Kentucky,182.71
Bracken, Kentucky,208.91
Breathitt, Kentucky,495.32
Breckinridge, Kentucky,585.55
Bullitt, Kentucky,300.21
Butler, Kentucky,431.54
Caldwell, Kentucky,348.2
Calloway, Kentucky,410.81
Campbell, Kentucky,159.44
Carlisle, Kentucky,199.03
Carroll, Kentucky,137.28
Carter, Kentucky,412.17
Casey, Kentucky,445.75
Christian, Kentucky,724.05
Clark, Kentucky,255.18
Clay, Kentucky,471.09
Clinton, Kentucky,205.55
Crittenden, Kentucky,370.97
Cumberland, Kentucky,310.87
Daviess, Kentucky,476.3
Edmonson, Kentucky,308.03
Elliott, Kentucky,235.22
Estill, Kentucky,255.72
Fayette, Kentucky,285.53
Fleming, Kentucky,351.49
Floyd, Kentucky,395.49
Franklin, Kentucky,212.13
Fulton, Kentucky,230.56
Gallatin, Kentucky,104.68
Garrard, Kentucky,233.89
Grant, Kentucky,260.75
Graves, Kentucky,556.5
Grayson, Kentucky,510.86
Green, Kentucky,288.8
Greenup, Kentucky,354.53
Hancock, Kentucky,198.93
Hardin, Kentucky,629.89
Harlan, Kentucky,467.98
Harrison, Kentucky,309.89
Hart, Kentucky,417.93
Henderson, Kentucky,467.26
Henry, Kentucky,291.13
Hickman, Kentucky,252.95
Hopkins, Kentucky,554.25
Jackson, Kentucky,346.59
Jefferson, Kentucky,398.6
Jessamine, Kentucky,174.47
Johnson, Kentucky,263.96
Kenton, Kentucky,164.97
Knott, Kentucky,353.03
Knox, Kentucky,387.72
Larue, Kentucky,263.74
Laurel, Kentucky,443.77
Lawrence, Kentucky,420.16
Lee, Kentucky,211.23
Leslie, Kentucky,404.37
Letcher, Kentucky,339.13
Lewis, Kentucky,495.73
Lincoln, Kentucky,336.77
Livingston, Kentucky,342.22
Logan, Kentucky,557.13
Lyon, Kentucky,256.47
McCracken, Kentucky,268.1
McCreary, Kentucky,430.67
McLean, Kentucky,256.19
Madison, Kentucky,443.14
Magoffin, Kentucky,309.46
Marion, Kentucky,346.89
Marshall, Kentucky,340.33
Martin, Kentucky,230.83
Mason, Kentucky,246.62
Meade, Kentucky,324.24
Menifee, Kentucky,206.04
Mercer, Kentucky,253.13
Metcalfe, Kentucky,290.98
Monroe, Kentucky,332.13
Montgomery, Kentucky,198.82
Morgan, Kentucky,383.76
Muhlenberg, Kentucky,479.47
Nelson, Kentucky,424.1
Nicholas, Kentucky,196.86
Ohio, Kentucky,596.75
Oldham, Kentucky,196.56
Owen, Kentucky,354.18
Owsley, Kentucky,198.1
Pendleton, Kentucky,281.37
Perry, Kentucky,342.64
Pike, Kentucky,788.89
Powell, Kentucky,180.21
Pulaski, Kentucky,677.09
Robertson, Kentucky,100.11
Rockcastle, Kentucky,318.08
Rowan, Kentucky,286.27
Russell, Kentucky,282.84
Scott, Kentucky,285.31
Shelby, Kentucky,385.67
Simpson, Kentucky,236.21
Spencer, Kentucky,191.81
Taylor, Kentucky,277.06
Todd, Kentucky,377
Trigg, Kentucky,481.12
Trimble, Kentucky,156.24
Union, Kentucky,363.44
Warren, Kentucky,547.72
Washington, Kentucky,301.54
Wayne, Kentucky,484.22
Webster, Kentucky,335.7
Whitley, Kentucky,445.17
Wolfe, Kentucky,222.88
Woodford, Kentucky,192
Acadia, Louisiana,657.65
Allen, Louisiana,765.72
Ascension, Louisiana,302.91
Assumption, Louisiana,364.59
Avoyelles, Louisiana,865.74
Beauregard, Louisiana,1166.06
Bienville, Louisiana,821.83
Bossier, Louisiana,867.01
Caddo, Louisiana,937.01
Calcasieu, Louisiana,1094.42
Caldwell, Louisiana,540.77
Cameron, Louisiana,1931.76
Catahoula, Louisiana,739.5
Claiborne, Louisiana,767.52
Concordia, Louisiana,748.74
De Soto, Louisiana,894.55
East Baton Rouge, Louisiana,470.59
East Carroll, Louisiana,442.49
East Feliciana, Louisiana,455.72
Evangeline, Louisiana,679.64
Franklin, Louisiana,635.48
Grant, Louisiana,664.6
Iberia, Louisiana,1030.94
Iberville, Louisiana,652.88
Jackson, Louisiana,580.38
Jefferson, Louisiana,642.42
Jefferson Davis, Louisiana,658.62
Lafayette, Louisiana,270.32
Lafourche, Louisiana,1472.3
La Salle, Louisiana,662.42
Lincoln, Louisiana,472.3
Livingston, Louisiana,702.89
Madison, Louisiana,650.59
Morehouse, Louisiana,805.26
Natchitoches, Louisiana,1299.38
Orleans, Louisiana,350.23
Ouachita, Louisiana,632.76
Plaquemines, Louisiana,2428.73
Pointe Coupee, Louisiana,590.74
Rapides, Louisiana,1362.04
Red River, Louisiana,402.1
Richland, Louisiana,564.55
Sabine, Louisiana,1011.59
St. Bernard, Louisiana,1793.84
St. Charles, Louisiana,410.18
St. Helena, Louisiana,409.49
St. James, Louisiana,257.81
St. John the Baptist, Louisiana,347.86
St. Landry, Louisiana,938.88
St. Martin, Louisiana,816.51
St. Mary, Louisiana,1118.93
St. Tammany, Louisiana,1124.13
Tangipahoa, Louisiana,823.19
Tensas, Louisiana,641.25
Terrebonne, Louisiana,2080.08
Union, Louisiana,905.36
Vermilion, Louisiana,1538.42
Vernon, Louisiana,1341.61
Washington, Louisiana,676.01
Webster, Louisiana,615.13
West Baton Rouge, Louisiana,203.64
West Carroll, Louisiana,360.35
West Feliciana, Louisiana,426.05
Winn, Louisiana,956.98
Androscoggin, Maine,497.25
Aroostook, Maine,6829.18
Cumberland, Maine,1217.01
Franklin, Maine,1744.46
Hancock, Maine,2351.18
Kennebec, Maine,951.24
Knox, Maine,1142.07
Lincoln, Maine,699.97
Oxford, Maine,2175.44
Penobscot, Maine,3556.42
Piscataquis, Maine,4377.71
Sagadahoc, Maine,370.29
Somerset, Maine,4095.73
Waldo, Maine,852.81
Washington, Maine,3255.14
York, Maine,1271.44
Allegany, Maryland,429.74
Anne Arundel, Maryland,587.91
Baltimore, Maryland,682.08
Calvert, Maryland,345.11
Caroline, Maryland,326.07
Carroll, Maryland,452.43
Cecil, Maryland,417.89
Charles, Maryland,643.27
Dorchester, Maryland,982.97
Frederick, Maryland,667.4
Garrett, Maryland,656.08
Harford, Maryland,526.74
Howard, Maryland,253.56
Kent, Maryland,414.32
Montgomery, Maryland,506.22
Prince George's, Maryland,499.42
Queen Anne's, Maryland,509.82
St. Mary's, Maryland,764.54
Somerset, Maryland,610.81
Talbot, Maryland,476.81
Washington, Maryland,467.57
Wicomico, Maryland,399.81
Worcester, Maryland,694.78
Baltimore city, Maryland,92.08
Barnstable, Massachusetts,1305.52
Berkshire, Massachusetts,946.34
Bristol, Massachusetts,691.26
Dukes, Massachusetts,491
Essex, Massachusetts,828.69
Franklin, Massachusetts,724.81
Hampden, Massachusetts,634.17
Hampshire, Massachusetts,545.47
Middlesex, Massachusetts,847.63
Nantucket, Massachusetts,303.28
Norfolk, Massachusetts,443.97
Plymouth, Massachusetts,1093.48
Suffolk, Massachusetts,120.07
Worcester, Massachusetts,1579.11
Alcona, Michigan,1790.56
Alger, Michigan,5044.37
Allegan, Michigan,1833.51
Alpena, Michigan,1695.05
Antrim, Michigan,601.94
Arenac, Michigan,680.75
Baraga, Michigan,1069.12
Barry, Michigan,576.93
Bay, Michigan,630.98
Benzie, Michigan,859.72
Berrien, Michigan,1581.47
Branch, Michigan,519.52
Calhoun, Michigan,718.49
Cass, Michigan,508.51
Charlevoix, Michigan,1390.87
Cheboygan, Michigan,885.26
Chippewa, Michigan,2698
Clare, Michigan,575.25
Clinton, Michigan,574.6
Crawford, Michigan,563.41
Delta, Michigan,1991.75
Dickinson, Michigan,777.2
Eaton, Michigan,579.07
Emmet, Michigan,882.33
Genesee, Michigan,649.37
Gladwin, Michigan,516.46
Gogebic, Michigan,1476.54
Grand Traverse, Michigan,601.17
Gratiot, Michigan,571.64
Hillsdale, Michigan,607.18
Houghton, Michigan,1501.63
Huron, Michigan,2137.25
Ingham, Michigan,560.98
Ionia, Michigan,580.26
Iosco, Michigan,1890.72
Iron, Michigan,1211.16
Isabella, Michigan,577.78
Jackson, Michigan,723.82
Kalamazoo, Michigan,580.23
Kalkaska, Michigan,570.79
Kent, Michigan,872.21
Keweenaw, Michigan,6060.49
Lake, Michigan,574.64
Lapeer, Michigan,663.12
Leelanau, Michigan,2533.36
Lenawee, Michigan,761.38
Livingston, Michigan,585.46
Luce, Michigan,1911.9
Mackinac, Michigan,2100.59
Macomb, Michigan,569.81
Manistee, Michigan,1280.9
Marquette, Michigan,3426.9
Mason, Michigan,1241.98
Mecosta, Michigan,571.14
Menominee, Michigan,1338.13
Midland, Michigan,527.92
Missaukee, Michigan,573.85
Monroe, Michigan,680.1
Montcalm, Michigan,721.02
Montmorency, Michigan,562.46
Muskegon, Michigan,1459.29
Newaygo, Michigan,861.45
Oakland, Michigan,908.07
Oceana, Michigan,1306.83
Ogemaw, Michigan,574.67
Ontonagon, Michigan,3741.37
Osceola, Michigan,573.15
Oscoda, Michigan,571.6
Otsego, Michigan,526
Ottawa, Michigan,1632.12
Presque Isle, Michigan,2573.22
Roscommon, Michigan,579.86
Saginaw, Michigan,815.82
St. Clair, Michigan,832.55
St. Joseph, Michigan,521.18
Sanilac, Michigan,1590.64
Schoolcraft, Michigan,1883.79
Shiawassee, Michigan,540.78
Tuscola, Michigan,913.83
Van Buren, Michigan,1090.28
Washtenaw, Michigan,722.59
Wayne, Michigan,672.26
Wexford, Michigan,575.88
Aitkin, Minnesota,1995.39
Anoka, Minnesota,446.28
Becker, Minnesota,1445.17
Beltrami, Minnesota,3055.7
Benton, Minnesota,413.02
Big Stone, Minnesota,527.92
Blue Earth, Minnesota,765.93
Brown, Minnesota,618.62
Carlton, Minnesota,875.28
Carver, Minnesota,376.23
Cass, Minnesota,2414.31
Chippewa, Minnesota,587.85
Chisago, Minnesota,442.53
Clay, Minnesota,1052.78
Clearwater, Minnesota,1029.85
Cook, Minnesota,3339.29
Cottonwood, Minnesota,648.94
Crow Wing, Minnesota,1156.62
Dakota, Minnesota,586.36
Dodge, Minnesota,439.64
Douglas, Minnesota,719.97
Faribault, Minnesota,721.64
Fillmore, Minnesota,862.19
Freeborn, Minnesota,722.66
Goodhue, Minnesota,780.47
Grant, Minnesota,575.21
Hennepin, Minnesota,606.43
Houston, Minnesota,568.95
Hubbard, Minnesota,999.44
Isanti, Minnesota,451.9
Itasca, Minnesota,2927.91
Jackson, Minnesota,719.51
Kanabec, Minnesota,533.41
Kandiyohi, Minnesota,862.01
Kittson, Minnesota,1103.54
Koochiching, Minnesota,3154.35
Lac qui Parle, Minnesota,778.09
Lake, Minnesota,2991.14
Lake of the Woods, Minnesota,1775.08
Le Sueur, Minnesota,473.9
Lincoln, Minnesota,548.47
Lyon, Minnesota,721.49
McLeod, Minnesota,505.7
Mahnomen, Minnesota,583.02
Marshall, Minnesota,1812.83
Martin, Minnesota,729.59
Meeker, Minnesota,645.11
Mille Lacs, Minnesota,681.8
Morrison, Minnesota,1153.37
Mower, Minnesota,711.74
Murray, Minnesota,719.56
Nicollet, Minnesota,466.98
Nobles, Minnesota,722.36
Norman, Minnesota,876.85
Olmsted, Minnesota,654.53
Otter Tail, Minnesota,2225.03
Pennington, Minnesota,618.36
Pine, Minnesota,1434.68
Pipestone, Minnesota,466.17
Polk, Minnesota,1997.89
Pope, Minnesota,717.33
Ramsey, Minnesota,170.16
Red Lake, Minnesota,432.52
Redwood, Minnesota,881.28
Renville, Minnesota,987.27
Rice, Minnesota,516.14
Rock, Minnesota,482.86
Roseau, Minnesota,1678.48
St. Louis, Minnesota,6860.53
Scott, Minnesota,368.57
Sherburne, Minnesota,451
Sibley, Minnesota,600.39
Stearns, Minnesota,1389.99
Steele, Minnesota,432.18
Stevens, Minnesota,575.27
Swift, Minnesota,752.39
Todd, Minnesota,979.39
Traverse, Minnesota,586
Wabasha, Minnesota,549.85
Wadena, Minnesota,543.02
Waseca, Minnesota,432.82
Washington, Minnesota,423.19
Watonwan, Minnesota,439.93
Wilkin, Minnesota,751.67
Winona, Minnesota,641.63
Wright, Minnesota,714.42
Yellow Medicine, Minnesota,763.42
Adams, Mississippi,486.28
Alcorn, Mississippi,401.38
Amite, Mississippi,731.7
Attala, Mississippi,737.15
Benton, Mississippi,408.67
Bolivar, Mississippi,905.82
Calhoun, Mississippi,588
Carroll, Mississippi,634.59
Chickasaw, Mississippi,504.3
Choctaw, Mississippi,419.84
Claiborne, Mississippi,501.44
Clarke, Mississippi,693.46
Clay, Mississippi,416.05
Coahoma, Mississippi,583.18
Copiah, Mississippi,779.45
Covington, Mississippi,414.97
DeSoto, Mississippi,496.82
Forrest, Mississippi,470.2
Franklin, Mississippi,566.78
George, Mississippi,483.65
Greene, Mississippi,718.73
Grenada, Mississippi,449.41
Hancock, Mississippi,552.56
Harrison, Mississippi,976.18
Hinds, Mississippi,877.41
Holmes, Mississippi,764.24
Humphreys, Mississippi,431.2
Issaquena, Mississippi,441.4
Itawamba, Mississippi,540.46
Jackson, Mississippi,1043.36
Jasper, Mississippi,677.49
Jefferson, Mississippi,527.24
Jefferson Davis, Mississippi,409.14
Jones, Mississippi,699.79
Kemper, Mississippi,767.05
Lafayette, Mississippi,679.33
Lamar, Mississippi,500.52
Lauderdale, Mississippi,715.33
Lawrence, Mississippi,435.76
Leake, Mississippi,585.43
Lee, Mississippi,453.17
Leflore, Mississippi,606.4
Lincoln, Mississippi,588.22
Lowndes, Mississippi,516.48
Madison, Mississippi,742.03
Marion, Mississippi,548.61
Marshall, Mississippi,709.86
Monroe, Mississippi,772.1
Montgomery, Mississippi,407.9
Neshoba, Mississippi,571.69
Newton, Mississippi,579.62
Noxubee, Mississippi,700.09
Oktibbeha, Mississippi,461.94
Panola, Mississippi,705.19
Pearl River, Mississippi,818.98
Perry, Mississippi,650.24
Pike, Mississippi,410.81
Pontotoc, Mississippi,501.02
Prentiss, Mississippi,418.28
Quitman, Mississippi,406.52
Rankin, Mississippi,806.16
Scott, Mississippi,610.43
Sharkey, Mississippi,434.92
Simpson, Mississippi,590.57
Smith, Mississippi,637.32
Stone, Mississippi,448.09
Sunflower, Mississippi,707.26
Tallahatchie, Mississippi,652.13
Tate, Mississippi,410.98
Tippah, Mississippi,460
Tishomingo, Mississippi,444.57
Tunica, Mississippi,480.82
Union, Mississippi,416.91
Walthall, Mississippi,404.47
Warren, Mississippi,618.82
Washington, Mississippi,761.31
Wayne, Mississippi,813.54
Webster, Mississippi,423.38
Wilkinson, Mississippi,687.71
Winston, Mississippi,610.15
Yalobusha, Mississippi,495.03
Yazoo, Mississippi,934.2
Adair, Missouri,569.35
Andrew, Missouri,436.53
Atchison, Missouri,547.39
Audrain, Missouri,696.83
Barry, Missouri,790.96
Barton, Missouri,596.78
Bates, Missouri,851.45
Benton, Missouri,752.55
Bollinger, Missouri,621.21
Boone, Missouri,691.19
Buchanan, Missouri,414.6
Butler, Missouri,699.01
Caldwell, Missouri,429.75
Callaway, Missouri,847.26
Camden, Missouri,708.9
Cape Girardeau, Missouri,586.33
Carroll, Missouri,702.35
Carter, Missouri,509.06
Cass, Missouri,702.73
Cedar, Missouri,498.54
Chariton, Missouri,768.3
Christian, Missouri,564.09
Clark, Missouri,511.93
Clay, Missouri,409.16
Clinton, Missouri,423.5
Cole, Missouri,399.11
Cooper, Missouri,570.25
Crawford, Missouri,743.82
Dade, Missouri,506.34
Dallas, Missouri,542.87
Daviess, Missouri,569.12
DeKalb, Missouri,425.8
Dent, Missouri,754.56
Douglas, Missouri,814.67
Dunklin, Missouri,547.14
Franklin, Missouri,929.64
Gasconade, Missouri,524.53
Gentry, Missouri,491.84
Greene, Missouri,677.84
Grundy, Missouri,438.01
Harrison, Missouri,726.5
Henry, Missouri,732.61
Hickory, Missouri,411.77
Holt, Missouri,469.09
Howard, Missouri,470.58
Howell, Missouri,928.39
Iron, Missouri,552.09
Jackson, Missouri,616.16
Jasper, Missouri,641.37
Jefferson, Missouri,664.12
Johnson, Missouri,833.09
Knox, Missouri,506.8
Laclede, Missouri,768.03
Lafayette, Missouri,638.9
Lawrence, Missouri,613.42
Lewis, Missouri,510.88
Lincoln, Missouri,640.44
Linn, Missouri,621.5
Livingston, Missouri,538.51
McDonald, Missouri,539.74
Macon, Missouri,812.58
Madison, Missouri,497.64
Maries, Missouri,530.01
Marion, Missouri,444.07
Mercer, Missouri,455.21
Miller, Missouri,599.98
Mississippi, Missouri,428.93
Moniteau, Missouri,418.87
Monroe, Missouri,670.26
Montgomery, Missouri,541.97
Morgan, Missouri,613.94
New Madrid, Missouri,698.07
Newton, Missouri,626.72
Nodaway, Missouri,877.81
Oregon, Missouri,791.65
Osage, Missouri,613.44
Ozark, Missouri,755.13
Pemiscot, Missouri,512.44
Perry, Missouri,484.3
Pettis, Missouri,686.38
Phelps, Missouri,674.32
Pike, Missouri,684.84
Platte, Missouri,427.26
Polk, Missouri,642.51
Pulaski, Missouri,551.44
Putnam, Missouri,519.7
Ralls, Missouri,483.84
Randolph, Missouri,487.69
Ray, Missouri,573.62
Reynolds, Missouri,814.47
Ripley, Missouri,631.71
St. Charles, Missouri,593.54
St. Clair, Missouri,701.95
Ste. Genevieve, Missouri,508.96
St. Francois, Missouri,452.43
St. Louis, Missouri,523.61
Saline, Missouri,764.62
Schuyler, Missouri,308.18
Scotland, Missouri,439.29
Scott, Missouri,426.06
Shannon, Missouri,1004.05
Shelby, Missouri,502.45
Stoddard, Missouri,828.99
Stone, Missouri,510.95
Sullivan, Missouri,651.48
Taney, Missouri,651.53
Texas, Missouri,1179.33
Vernon, Missouri,837.11
Warren, Missouri,437.76
Washington, Missouri,762.5
Wayne, Missouri,774.13
Webster, Missouri,593.74
Worth, Missouri,266.77
Wright, Missouri,683.24
St. Louis city, Missouri,66.15
Beaverhead, Montana,5572.35
Big Horn, Montana,5014.72
Blaine, Montana,4238.98
Broadwater, Montana,1238.94
Carbon, Montana,2062.26
Carter, Montana,3348.41
Cascade, Montana,2711.74
Chouteau, Montana,3997.13
Custer, Montana,3793.37
Daniels, Montana,1426.57
Dawson, Montana,2383.23
Deer Lodge, Montana,741.27
Fallon, Montana,1623.06
Fergus, Montana,4350.51
Flathead, Montana,5256.6
Gallatin, Montana,2532.73
Garfield, Montana,4847.66
Glacier, Montana,3037.12
Golden Valley, Montana,1176.42
Granite, Montana,1733.17
Hill, Montana,2916.07
Jefferson, Montana,1658.89
Judith Basin, Montana,1870.75
Lake, Montana,1653.75
Lewis and Clark, Montana,3497.63
Liberty, Montana,1447.18
Lincoln, Montana,3675.22
McCone, Montana,2682.84
Madison, Montana,3602.93
Meagher, Montana,2394.87
Mineral, Montana,1223.43
Missoula, Montana,2618.39
Musselshell, Montana,1870.94
Park, Montana,2666.73
Petroleum, Montana,1674.05
Phillips, Montana,5212.22
Pondera, Montana,1639.83
Powder River, Montana,3298.02
Powell, Montana,2332.71
Prairie, Montana,1742.61
Ravalli, Montana,2400.39
Richland, Montana,2103.08
Roosevelt, Montana,2369.7
Rosebud, Montana,5026.96
Sanders, Montana,2790.18
Sheridan, Montana,1706.38
Silver Bow, Montana,718.99
Stillwater, Montana,1804.71
Sweet Grass, Montana,1862.1
Teton, Montana,2292.57
Toole, Montana,1945.82
Treasure, Montana,984.14
Valley, Montana,5062.08
Wheatland, Montana,1428.37
Wibaux, Montana,890.12
Yellowstone, Montana,2649.11
Yellowstone National Park, Montana,246.12
Adams, Nebraska,564.19
Antelope, Nebraska,858.49
Arthur, Nebraska,718.36
Banner, Nebraska,746.43
Blaine, Nebraska,714.39
Boone, Nebraska,687.3
Box Butte, Nebraska,1077.92
Boyd, Nebraska,544.64
Brown, Nebraska,1225.15
Buffalo, Nebraska,975.31
Burt, Nebraska,497.12
Butler, Nebraska,584.43
Cass, Nebraska,566.27
Cedar, Nebraska,745.86
Chase, Nebraska,897.67
Cherry, Nebraska,6009.87
Cheyenne, Nebraska,1196.55
Clay, Nebraska,573.56
Colfax, Nebraska,418.61
Cuming, Nebraska,574.58
Custer, Nebraska,2576.21
Dakota, Nebraska,267.41
Dawes, Nebraska,1400.9
Dawson, Nebraska,1019.34
Deuel, Nebraska,440.83
Dixon, Nebraska,482.75
Dodge, Nebraska,543.98
Douglas, Nebraska,339.65
Dundy, Nebraska,920.84
Fillmore, Nebraska,576.66
Franklin, Nebraska,576.13
Frontier, Nebraska,980.11
Furnas, Nebraska,720.53
Gage, Nebraska,859.99
Garden, Nebraska,1731.15
Garfield, Nebraska,571.36
Gosper, Nebraska,462.77
Grant, Nebraska,783.27
Greeley, Nebraska,570.74
Hall, Nebraska,552.25
Hamilton, Nebraska,546.76
Harlan, Nebraska,574.2
Hayes, Nebraska,713.37
Hitchcock, Nebraska,718.62
Holt, Nebraska,2417.8
Hooker, Nebraska,721.54
Howard, Nebraska,575.77
Jefferson, Nebraska,575.53
Johnson, Nebraska,376.84
Kearney, Nebraska,516.15
Keith, Nebraska,1109.85
Keya Paha, Nebraska,774.21
Kimball, Nebraska,952.38
Knox, Nebraska,1139.75
Lancaster, Nebraska,846.73
Lincoln, Nebraska,2575.27
Logan, Nebraska,571.18
Loup, Nebraska,571.06
McPherson, Nebraska,860.06
Madison, Nebraska,575.09
Merrick, Nebraska,494.39
Morrill, Nebraska,1429.92
Nance, Nebraska,448.08
Nemaha, Nebraska,411.91
Nuckolls, Nebraska,576
Otoe, Nebraska,619.12
Pawnee, Nebraska,432.97
Perkins, Nebraska,884.33
Phelps, Nebraska,540.62
Pierce, Nebraska,575.31
Platte, Nebraska,689.13
Polk, Nebraska,441.13
Red Willow, Nebraska,718.1
Richardson, Nebraska,555.98
Rock, Nebraska,1011.91
Saline, Nebraska,576.08
Sarpy, Nebraska,247.29
Saunders, Nebraska,758.91
Scotts Bluff, Nebraska,745.57
Seward, Nebraska,575.74
Sheridan, Nebraska,2470.12
Sherman, Nebraska,571.66
Sioux, Nebraska,2067.43
Stanton, Nebraska,431.08
Thayer, Nebraska,575.36
Thomas, Nebraska,713.69
Thurston, Nebraska,396.27
Valley, Nebraska,570.54
Washington, Nebraska,393.79
Wayne, Nebraska,443.52
Webster, Nebraska,575.04
Wheeler, Nebraska,575.61
York, Nebraska,576.04
Churchill, Nevada,5023.65
Clark, Nevada,8091.05
Douglas, Nevada,737.67
Elko, Nevada,17204.04
Esmeralda, Nevada,3589.19
Eureka, Nevada,4180.25
Humboldt, Nevada,9658.42
Lander, Nevada,5519.64
Lincoln, Nevada,10637.44
Lyon, Nevada,2016.49
Mineral, Nevada,3813.17
Nye, Nevada,18159.71
Pershing, Nevada,6067.89
Storey, Nevada,263.81
Washoe, Nevada,6551.48
White Pine, Nevada,8897.17
Carson City city, Nevada,155.85
Belknap, New Hampshire,468.59
Carroll, New Hampshire,992.32
Cheshire, New Hampshire,729.21
Coos, New Hampshire,1831.72
Grafton, New Hampshire,1750.3
Hillsborough, New Hampshire,892.28
Merrimack, New Hampshire,956.56
Rockingham, New Hampshire,794.04
Strafford, New Hampshire,383.95
Sullivan, New Hampshire,551.98
Atlantic, New Jersey,671.47
Bergen, New Jersey,246.82
Burlington, New Jersey,819.48
Camden, New Jersey,227.59
Cape May, New Jersey,620.29
Cumberland, New Jersey,676.57
Essex, New Jersey,129.59
Gloucester, New Jersey,337
Hudson, New Jersey,62.26
Hunterdon, New Jersey,437.85
Mercer, New Jersey,228.87
Middlesex, New Jersey,322.65
Monmouth, New Jersey,665.34
Morris, New Jersey,481.36
Ocean, New Jersey,915.9
Passaic, New Jersey,197.07
Salem, New Jersey,372.54
Somerset, New Jersey,305.07
Sussex, New Jersey,535.96
Union, New Jersey,105.46
Warren, New Jersey,362.78
Bernalillo, New Mexico,1168.77
Catron, New Mexico,6929.49
Chaves, New Mexico,6075.6
Cibola, New Mexico,4542.07
Colfax, New Mexico,3768.29
Curry, New Mexico,1407.78
De Baca, New Mexico,2334.02
Dona Ana, New Mexico,3814.88
Eddy, New Mexico,4197.8
Grant, New Mexico,3967.79
Guadalupe, New Mexico,3031.81
Harding, New Mexico,2126.1
Hidalgo, New Mexico,3446.2
Lea, New Mexico,4394.33
Lincoln, New Mexico,4831.64
Los Alamos, New Mexico,109.35
Luna, New Mexico,2965.5
McKinley, New Mexico,5455.62
Mora, New Mexico,1933.6
Otero, New Mexico,6627.84
Quay, New Mexico,2881.98
Rio Arriba, New Mexico,5896.53
Roosevelt, New Mexico,2455.08
Sandoval, New Mexico,3714.65
San Juan, New Mexico,5538.71
San Miguel, New Mexico,4736
Santa Fe, New Mexico,1910.95
Sierra, New Mexico,4236.59
Socorro, New Mexico,6649.06
Taos, New Mexico,2204.77
Torrance, New Mexico,3346.1
Union, New Mexico,3831
Valencia, New Mexico,1068.29
Albany, New York,533.47
Allegany, New York,1034.48
Bronx, New York,57.42
Broome, New York,715.5
Cattaraugus, New York,1322.33
Cayuga, New York,778.93
Chautauqua, New York,1500.19
Chemung, New York,410.81
Chenango, New York,898.76
Clinton, New York,1117.68
Columbia, New York,648.32
Cortland, New York,501.55
Delaware, New York,1468.11
Dutchess, New York,825.43
Erie, New York,1226.97
Essex, New York,1916.62
Franklin, New York,1697.54
Fulton, New York,532.94
Genesee, New York,495.37
Greene, New York,658.19
Hamilton, New York,1807.9
Herkimer, New York,1458.46
Jefferson, New York,1857.35
Kings, New York,96.87
Lewis, New York,1289.99
Livingston, New York,640.49
Madison, New York,661.56
Monroe, New York,1365.95
Montgomery, New York,410.35
Nassau, New York,453.32
New York, New York,33.68
Niagara, New York,1139.89
Oneida, New York,1257.16
Onondaga, New York,805.73
Ontario, New York,662.46
Orange, New York,838.58
Orleans, New York,817.53
Oswego, New York,1312.22
Otsego, New York,1015.24
Putnam, New York,246.27
Queens, New York,177.35
Rensselaer, New York,665.46
Richmond, New York,102.62
Rockland, New York,199.36
St. Lawrence, New York,2821.61
Saratoga, New York,843.78
Schenectady, New York,209.64
Schoharie, New York,626.18
Schuyler, New York,346.16
Seneca, New York,390.53
Steuben, New York,1404.17
Suffolk, New York,2373.39
Sullivan, New York,996.93
Tioga, New York,522.94
Tompkins, New York,491.65
Ulster, New York,1160.82
Warren, New York,931.73
Washington, New York,845.91
Wayne, New York,1384.18
Westchester, New York,500.21
Wyoming, New York,596.48
Yates, New York,371.85
Alamance, North Carolina,434.8
Alexander, North Carolina,263.29
Alleghany, North Carolina,235.52
Anson, North Carolina,537.17
Ashe, North Carolina,426.81
Avery, North Carolina,247.22
Beaufort, North Carolina,958
Bertie, North Carolina,741.22
Bladen, North Carolina,887.15
Brunswick, North Carolina,1050.06
Buncombe, North Carolina,660.05
Burke, North Carolina,514.91
Cabarrus, North Carolina,365.02
Caldwell, North Carolina,474.32
Camden, North Carolina,305.72
Carteret, North Carolina,1351.57
Caswell, North Carolina,428.47
Catawba, North Carolina,413.52
Chatham, North Carolina,709.18
Cherokee, North Carolina,466.69
Chowan, North Carolina,233.32
Clay, North Carolina,220.6
Cleveland, North Carolina,468.31
Columbus, North Carolina,953.64
Craven, North Carolina,761.82
Cumberland, North Carolina,658.5
Currituck, North Carolina,525.68
Dare, North Carolina,1561.59
Davidson, North Carolina,566.81
Davie, North Carolina,266.89
Duplin, North Carolina,819.15
Durham, North Carolina,298.12
Edgecombe, North Carolina,506.61
Forsyth, North Carolina,412.91
Franklin, North Carolina,494.14
Gaston, North Carolina,363.85
Gates, North Carolina,345.63
Graham, North Carolina,301.61
Granville, North Carolina,536.6
Greene, North Carolina,265.91
Guilford, North Carolina,657.73
Halifax, North Carolina,730.97
Harnett, North Carolina,601.3
Haywood, North Carolina,554.85
Henderson, North Carolina,374.85
Hertford, North Carolina,360.83
Hoke, North Carolina,392.37
Hyde, North Carolina,1424
Iredell, North Carolina,593.42
Jackson, North Carolina,494.36
Johnston, North Carolina,795.9
Jones, North Carolina,474.74
Lee, North Carolina,259.36
Lenoir, North Carolina,402.11
Lincoln, North Carolina,307.06
McDowell, North Carolina,446.43
Macon, North Carolina,519.44
Madison, North Carolina,451.61
Martin, North Carolina,462.9
Mecklenburg, North Carolina,549.74
Mitchell, North Carolina,222.15
Montgomery, North Carolina,501.1
Moore, North Carolina,706.29
Nash, North Carolina,542.72
New Hanover, North Carolina,327.93
Northampton, North Carolina,550.26
Onslow, North Carolina,908.46
Orange, North Carolina,401.15
Pamlico, North Carolina,566.24
Pasquotank, North Carolina,289.45
Pender, North Carolina,932.69
Perquimans, North Carolina,328.95
Person, North Carolina,404.1
Pitt, North Carolina,654.81
Polk, North Carolina,238.58
Randolph, North Carolina,789.97
Richmond, North Carolina,479.64
Robeson, North Carolina,951.07
Rockingham, North Carolina,572.35
Rowan, North Carolina,523.89
Rutherford, North Carolina,565.98
Sampson, North Carolina,947.51
Scotland, North Carolina,320.65
Stanly, North Carolina,404.3
Stokes, North Carolina,455.9
Surry, North Carolina,537.81
Swain, North Carolina,540.65
Transylvania, North Carolina,380.57
Tyrrell, North Carolina,600.32
Union, North Carolina,639.64
Vance, North Carolina,269.85
Wake, North Carolina,857.5
Warren, North Carolina,443.83
Washington, North Carolina,424.26
Watauga, North Carolina,312.76
Wayne, North Carolina,556.72
Wilkes, North Carolina,759.96
Wilson, North Carolina,374.29
Yadkin, North Carolina,337.53
Yancey, North Carolina,313.13
Adams, North Dakota,988.89
Barnes, North Dakota,1513.34
Benson, North Dakota,1439.39
Billings, North Dakota,1153.47
Bottineau, North Dakota,1697.83
Bowman, North Dakota,1167.03
Burke, North Dakota,1129.33
Burleigh, North Dakota,1668.12
Cass, North Dakota,1768
Cavalier, North Dakota,1510.22
Dickey, North Dakota,1141.76
Divide, North Dakota,1294.24
Dunn, North Dakota,2082.38
Eddy, North Dakota,644.26
Emmons, North Dakota,1554.82
Foster, North Dakota,646.75
Golden Valley, North Dakota,1002.4
Grand Forks, North Dakota,1439.91
Grant, North Dakota,1666.02
Griggs, North Dakota,716.21
Hettinger, North Dakota,1133.78
Kidder, North Dakota,1433.3
LaMoure, North Dakota,1150.86
Logan, North Dakota,1011.14
McHenry, North Dakota,1911.83
McIntosh, North Dakota,995.12
McKenzie, North Dakota,2861.05
McLean, North Dakota,2328.27
Mercer, North Dakota,1112.49
Morton, North Dakota,1945.39
Mountrail, North Dakota,1941.16
Nelson, North Dakota,1008.8
Oliver, North Dakota,731.23
Pembina, North Dakota,1121.78
Pierce, North Dakota,1082.26
Ramsey, North Dakota,1300.93
Ransom, North Dakota,864.18
Renville, North Dakota,892.11
Richland, North Dakota,1445.8
Rolette, North Dakota,939.4
Sargent, North Dakota,867.15
Sheridan, North Dakota,1005.83
Sioux, North Dakota,1128.37
Slope, North Dakota,1219.27
Stark, North Dakota,1340.55
Steele, North Dakota,715.54
Stutsman, North Dakota,2298.36
Towner, North Dakota,1041.61
Traill, North Dakota,862.59
Walsh, North Dakota,1294.17
Ward, North Dakota,2056.36
Wells, North Dakota,1290.7
Williams, North Dakota,2148.08
Adams, Ohio,585.83
Allen, Ohio,406.92
Ashland, Ohio,426.86
Ashtabula, Ohio,1368.76
Athens, Ohio,508.58
Auglaize, Ohio,401.74
Belmont, Ohio,541.41
Brown, Ohio,495.26
Butler, Ohio,470.24
Carroll, Ohio,399.02
Champaign, Ohio,429.74
Clark, Ohio,403.83
Clermont, Ohio,457.74
Clinton, Ohio,412.31
Columbiana, Ohio,535.22
Coshocton, Ohio,567.61
Crawford, Ohio,402.85
Cuyahoga, Ohio,1245.62
Darke, Ohio,600.38
Defiance, Ohio,414.21
Delaware, Ohio,455.99
Erie, Ohio,625.78
Fairfield, Ohio,508.58
Fayette, Ohio,407.11
Franklin, Ohio,543.35
Fulton, Ohio,407.36
Gallia, Ohio,471.16
Geauga, Ohio,408.71
Greene, Ohio,416.24
Guernsey, Ohio,528.33
Hamilton, Ohio,412.81
Hancock, Ohio,533.64
Hardin, Ohio,470.55
Harrison, Ohio,410.81
Henry, Ohio,420
Highland, Ohio,557.89
Hocking, Ohio,423.62
Holmes, Ohio,424.04
Huron, Ohio,494.94
Jackson, Ohio,421.52
Jefferson, Ohio,410.89
Knox, Ohio,529.56
Lake, Ohio,979.02
Lawrence, Ohio,457.3
Licking, Ohio,688.39
Logan, Ohio,466.81
Lorain, Ohio,923.09
Lucas, Ohio,560.64
Madison, Ohio,465.97
Mahoning, Ohio,423.4
Marion, Ohio,404.17
Medina, Ohio,423.13
Meigs, Ohio,432.41
Mercer, Ohio,473.32
Miami, Ohio,409.19
Monroe, Ohio,457.48
Montgomery, Ohio,464.39
Morgan, Ohio,421.88
Morrow, Ohio,407.38
Muskingum, Ohio,672.61
Noble, Ohio,404.6
Ottawa, Ohio,620.41
Paulding, Ohio,418.92
Perry, Ohio,412.62
Pickaway, Ohio,506.84
Pike, Ohio,443.98
Portage, Ohio,507.14
Preble, Ohio,426.35
Putnam, Ohio,484.28
Richland, Ohio,500.36
Ross, Ohio,693
Sandusky, Ohio,417.8
Scioto, Ohio,616.12
Seneca, Ohio,552.41
Shelby, Ohio,411.06
Stark, Ohio,580.94
Summit, Ohio,420.1
Trumbull, Ohio,634.08
Tuscarawas, Ohio,571.53
Union, Ohio,437
Van Wert, Ohio,410.51
Vinton, Ohio,414.99
Warren, Ohio,407.14
Washington, Ohio,640.18
Wayne, Ohio,556.34
Williams, Ohio,423.08
Wood, Ohio,620.58
Wyandot, Ohio,407.65
Adair, Oklahoma,577.06
Alfalfa, Oklahoma,881.5
Atoka, Oklahoma,990.05
Beaver, Oklahoma,1817.68
Beckham, Oklahoma,904.19
Blaine, Oklahoma,938.94
Bryan, Oklahoma,943.49
Caddo, Oklahoma,1290.41
Canadian, Oklahoma,905.25
Carter, Oklahoma,833.78
Cherokee, Oklahoma,776.45
Choctaw, Oklahoma,800.72
Cimarron, Oklahoma,1841.27
Cleveland, Oklahoma,558.39
Coal, Oklahoma,521.32
Comanche, Oklahoma,1083.91
Cotton, Oklahoma,641.99
Craig, Oklahoma,762.78
Creek, Oklahoma,969.82
Custer, Oklahoma,1002.07
Delaware, Oklahoma,792.37
Dewey, Oklahoma,1008.34
Ellis, Oklahoma,1231.94
Garfield, Oklahoma,1060
Garvin, Oklahoma,813.73
Grady, Oklahoma,1105.38
Grant, Oklahoma,1003.67
Greer, Oklahoma,643.71
Harmon, Oklahoma,538.6
Harper, Oklahoma,1041.02
Haskell, Oklahoma,625.29
Hughes, Oklahoma,814.69
Jackson, Oklahoma,804.22
Jefferson, Oklahoma,773.88
Johnston, Oklahoma,658.33
Kay, Oklahoma,945.2
Kingfisher, Oklahoma,906.03
Kiowa, Oklahoma,1030.74
Latimer, Oklahoma,729.16
Le Flore, Oklahoma,1608.14
Lincoln, Oklahoma,965.68
Logan, Oklahoma,748.98
Love, Oklahoma,531.99
McClain, Oklahoma,580.18
McCurtain, Oklahoma,1901.45
McIntosh, Oklahoma,712.49
Major, Oklahoma,957.92
Marshall, Oklahoma,426.98
Mayes, Oklahoma,683.55
Murray, Oklahoma,424.95
Muskogee, Oklahoma,839.01
Noble, Oklahoma,742.5
Nowata, Oklahoma,580.93
Okfuskee, Oklahoma,628.94
Oklahoma, Oklahoma,718.38
Okmulgee, Oklahoma,702.36
Osage, Oklahoma,2303.94
Ottawa, Oklahoma,484.77
Pawnee, Oklahoma,594.92
Payne, Oklahoma,697.18
Pittsburg, Oklahoma,1377.92
Pontotoc, Oklahoma,725.5
Pottawatomie, Oklahoma,793.39
Pushmataha, Oklahoma,1422.86
Roger Mills, Oklahoma,1146.53
Rogers, Oklahoma,711.49
Seminole, Oklahoma,640.55
Sequoyah, Oklahoma,714.93
Stephens, Oklahoma,891.19
Texas, Oklahoma,2048.97
Tillman, Oklahoma,879.29
Tulsa, Oklahoma,587.05
Wagoner, Oklahoma,591.01
Washington, Oklahoma,424.19
Washita, Oklahoma,1009.14
Woods, Oklahoma,1290.14
Woodward, Oklahoma,1246.09
Baker, Oregon,3088.61
Benton, Oregon,679.01
Clackamas, Oregon,1879.13
Clatsop, Oregon,1084.8
Columbia, Oregon,688.37
Coos, Oregon,1806.45
Crook, Oregon,2987.55
Curry, Oregon,1988.64
Deschutes, Oregon,3054.96
Douglas, Oregon,5134.06
Gilliam, Oregon,1222.91
Grant, Oregon,4529.53
Harney, Oregon,10227.05
Hood River, Oregon,533.6
Jackson, Oregon,2801.94
Jefferson, Oregon,1791.27
Josephine, Oregon,1641.66
Klamath, Oregon,6136.19
Lake, Oregon,8359.03
Lane, Oregon,4721.95
Lincoln, Oregon,1193.89
Linn, Oregon,2309.3
Malheur, Oregon,9930.51
Marion, Oregon,1195.2
Morrow, Oregon,2048.68
Multnomah, Oregon,465.7
Polk, Oregon,744.21
Sherman, Oregon,831.29
Tillamook, Oregon,1332.86
Umatilla, Oregon,3231.34
Union, Oregon,2038.4
Wallowa, Oregon,3151.78
Wasco, Oregon,2395.46
Washington, Oregon,726.43
Wheeler, Oregon,1715.55
Yamhill, Oregon,718.41
Adams, Pennsylvania,521.56
Allegheny, Pennsylvania,744.73
Armstrong, Pennsylvania,664.48
Beaver, Pennsylvania,443.94
Bedford, Pennsylvania,1017.49
Berks, Pennsylvania,865.68
Blair, Pennsylvania,527.17
Bradford, Pennsylvania,1161.09
Bucks, Pennsylvania,622.15
Butler, Pennsylvania,794.85
Cambria, Pennsylvania,693.48
Cameron, Pennsylvania,398.61
Carbon, Pennsylvania,388.79
Centre, Pennsylvania,1111.93
Chester, Pennsylvania,759.86
Clarion, Pennsylvania,608.99
Clearfield, Pennsylvania,1153.87
Clinton, Pennsylvania,898.12
Columbia, Pennsylvania,489.81
Crawford, Pennsylvania,1037.82
Cumberland, Pennsylvania,551.2
Dauphin, Pennsylvania,557.57
Delaware, Pennsylvania,190.77
Elk, Pennsylvania,832.27
Erie, Pennsylvania,1558.49
Fayette, Pennsylvania,797.99
Forest, Pennsylvania,431.42
Franklin, Pennsylvania,772.69
Fulton, Pennsylvania,438.06
Greene, Pennsylvania,577.99
Huntingdon, Pennsylvania,890.3
Indiana, Pennsylvania,834.35
Jefferson, Pennsylvania,656.91
Juniata, Pennsylvania,393.61
Lackawanna, Pennsylvania,464.57
Lancaster, Pennsylvania,983.9
Lawrence, Pennsylvania,362.78
Lebanon, Pennsylvania,362.61
Lehigh, Pennsylvania,348.33
Luzerne, Pennsylvania,907.14
Lycoming, Pennsylvania,1243.84
McKean, Pennsylvania,984.22
Mercer, Pennsylvania,682.62
Mifflin, Pennsylvania,413.46
Monroe, Pennsylvania,616.05
Montgomery, Pennsylvania,487.47
Montour, Pennsylvania,132.3
Northampton, Pennsylvania,377.41
Northumberland, Pennsylvania,477.4
Perry, Pennsylvania,555.81
Philadelphia, Pennsylvania,142.68
Pike, Pennsylvania,566.66
Potter, Pennsylvania,1081.47
Schuylkill, Pennsylvania,782.63
Snyder, Pennsylvania,332.18
Somerset, Pennsylvania,1081.26
Sullivan, Pennsylvania,452.37
Susquehanna, Pennsylvania,832.44
Tioga, Pennsylvania,1137.35
Union, Pennsylvania,317.15
Venango, Pennsylvania,683.08
Warren, Pennsylvania,897.83
Washington, Pennsylvania,861
Wayne, Pennsylvania,750.59
Westmoreland, Pennsylvania,1036.46
Wyoming, Pennsylvania,404.82
York, Pennsylvania,910.34
Bristol, Rhode Island,44.71
Kent, Rhode Island,188.01
Newport, Rhode Island,313.65
Providence, Rhode Island,435.85
Washington, Rhode Island,562.9
Abbeville, South Carolina,511.1
Aiken, South Carolina,1080.53
Allendale, South Carolina,412.59
Anderson, South Carolina,757.47
Bamberg, South Carolina,395.49
Barnwell, South Carolina,557.29
Beaufort, South Carolina,923
Berkeley, South Carolina,1229.23
Calhoun, South Carolina,392.36
Charleston, South Carolina,1357.14
Cherokee, South Carolina,397.3
Chester, South Carolina,586.19
Chesterfield, South Carolina,805.84
Clarendon, South Carolina,695.71
Colleton, South Carolina,1132.05
Darlington, South Carolina,567.55
Dillon, South Carolina,406.56
Dorchester, South Carolina,576.74
Edgefield, South Carolina,506.56
Fairfield, South Carolina,709.98
Florence, South Carolina,803.05
Georgetown, South Carolina,1035.09
Greenville, South Carolina,797.01
Greenwood, South Carolina,462.95
Hampton, South Carolina,562.72
Horry, South Carolina,1255
Jasper, South Carolina,685.84
Kershaw, South Carolina,740.31
Lancaster, South Carolina,555.32
Laurens, South Carolina,722.02
Lee, South Carolina,411.33
Lexington, South Carolina,759.49
McCormick, South Carolina,393.89
Marion, South Carolina,494.11
Marlboro, South Carolina,485.3
Newberry, South Carolina,647.32
Oconee, South Carolina,673.63
Orangeburg, South Carolina,1127.83
Pickens, South Carolina,511.87
Richland, South Carolina,771.74
Saluda, South Carolina,460.64
Spartanburg, South Carolina,819.21
Sumter, South Carolina,682.08
Union, South Carolina,515.96
Williamsburg, South Carolina,936.97
York, South Carolina,695.77
Aurora, South Dakota,712.58
Beadle, South Dakota,1264.93
Bennett, South Dakota,1190.7
Bon Homme, South Dakota,581.37
Brookings, South Dakota,804.82
Brown, South Dakota,1731.36
Brule, South Dakota,846.56
Buffalo, South Dakota,487.46
Butte, South Dakota,2266.43
Campbell, South Dakota,771.39
Charles Mix, South Dakota,1150.27
Clark, South Dakota,967.88
Clay, South Dakota,416.73
Codington, South Dakota,717.13
Corson, South Dakota,2529.52
Custer, South Dakota,1559.22
Davison, South Dakota,436.81
Day, South Dakota,1091.29
Deuel, South Dakota,636.75
Dewey, South Dakota,2445.83
Douglas, South Dakota,434.16
Edmunds, South Dakota,1151.23
Fall River, South Dakota,1749.24
Faulk, South Dakota,1005.77
Grant, South Dakota,687.95
Gregory, South Dakota,1053.51
Haakon, South Dakota,1827.37
Hamlin, South Dakota,537.99
Hand, South Dakota,1440.34
Hanson, South Dakota,435.67
Harding, South Dakota,2677.64
Hughes, South Dakota,800.35
Hutchinson, South Dakota,814.45
Hyde, South Dakota,866.66
Jackson, South Dakota,1871.41
Jerauld, South Dakota,532.67
Jones, South Dakota,971.75
Kingsbury, South Dakota,863.73
Lake, South Dakota,575.1
Lawrence, South Dakota,800.34
Lincoln, South Dakota,578.64
Lyman, South Dakota,1707.18
McCook, South Dakota,577.21
McPherson, South Dakota,1151.92
Marshall, South Dakota,885.67
Meade, South Dakota,3482.67
Mellette, South Dakota,1309.87
Miner, South Dakota,572.03
Minnehaha, South Dakota,813.74
Moody, South Dakota,521.13
Pennington, South Dakota,2784.46
Perkins, South Dakota,2890.85
Potter, South Dakota,898.47
Roberts, South Dakota,1135.42
Sanborn, South Dakota,570.25
Shannon, South Dakota,2096.72
Spink, South Dakota,1510.18
Stanley, South Dakota,1517.06
Sully, South Dakota,1070.42
Todd, South Dakota,1391
Tripp, South Dakota,1617.51
Turner, South Dakota,617.5
Union, South Dakota,467.11
Walworth, South Dakota,744.25
Yankton, South Dakota,532.66
Ziebach, South Dakota,1971.21
Anderson, Tennessee,344.83
Bedford, Tennessee,474.89
Benton, Tennessee,436.23
Bledsoe, Tennessee,406.73
Blount, Tennessee,566.66
Bradley, Tennessee,331.52
Campbell, Tennessee,498.27
Cannon, Tennessee,265.73
Carroll, Tennessee,599.89
Carter, Tennessee,347.64
Cheatham, Tennessee,307.16
Chester, Tennessee,288.76
Claiborne, Tennessee,441.56
Clay, Tennessee,259.26
Cocke, Tennessee,443.17
Coffee, Tennessee,434.49
Crockett, Tennessee,265.49
Cumberland, Tennessee,684.97
Davidson, Tennessee,526.16
Decatur, Tennessee,344.93
DeKalb, Tennessee,329
Dickson, Tennessee,491.34
Dyer, Tennessee,526.52
Fayette, Tennessee,706.27
Fentress, Tennessee,499
Franklin, Tennessee,574.37
Gibson, Tennessee,603.64
Giles, Tennessee,611.22
Grainger, Tennessee,302.46
Greene, Tennessee,624.27
Grundy, Tennessee,361.17
Hamblen, Tennessee,175.78
Hamilton, Tennessee,575.76
Hancock, Tennessee,223.51
Hardeman, Tennessee,670.44
Hardin, Tennessee,596.36
Hawkins, Tennessee,499.66
Haywood, Tennessee,534.19
Henderson, Tennessee,525.95
Henry, Tennessee,593.49
Hickman, Tennessee,612.75
Houston, Tennessee,206.94
Humphreys, Tennessee,556.75
Jackson, Tennessee,319.57
Jefferson, Tennessee,314.34
Johnson, Tennessee,302.76
Knox, Tennessee,525.81
Lake, Tennessee,193.81
Lauderdale, Tennessee,507.17
Lawrence, Tennessee,617.96
Lewis, Tennessee,282.5
Lincoln, Tennessee,570.68
Loudon, Tennessee,247.04
McMinn, Tennessee,432.24
McNairy, Tennessee,560.87
Macon, Tennessee,307.2
Madison, Tennessee,558.68
Marion, Tennessee,513.8
Marshall, Tennessee,376.13
Maury, Tennessee,615.57
Meigs, Tennessee,216.79
Monroe, Tennessee,652.88
Montgomery, Tennessee,543.87
Moore, Tennessee,130.38
Morgan, Tennessee,522.41
Obion, Tennessee,555.38
Overton, Tennessee,434.83
Perry, Tennessee,422.93
Pickett, Tennessee,174.58
Polk, Tennessee,442.39
Putnam, Tennessee,402.44
Rhea, Tennessee,336.4
Roane, Tennessee,394.99
Robertson, Tennessee,476.72
Rutherford, Tennessee,624
Scott, Tennessee,533.25
Sequatchie, Tennessee,266.04
Sevier, Tennessee,597.77
Shelby, Tennessee,783.69
Smith, Tennessee,325.38
Stewart, Tennessee,493.22
Sullivan, Tennessee,429.71
Sumner, Tennessee,543.16
Tipton, Tennessee,474.76
Trousdale, Tennessee,116.65
Unicoi, Tennessee,186.49
Union, Tennessee,247.14
Van Buren, Tennessee,274.61
Warren, Tennessee,434.12
Washington, Tennessee,329.71
Wayne, Tennessee,735.65
Weakley, Tennessee,581.85
White, Tennessee,379.55
Williamson, Tennessee,583.67
Wilson, Tennessee,583.27
Anderson, Texas,1078.05
Andrews, Texas,1501.09
Angelina, Texas,864.51
Aransas, Texas,528.01
Archer, Texas,925.85
Armstrong, Texas,913.85
Atascosa, Texas,1235.73
Austin, Texas,656.44
Bailey, Texas,827.43
Bandera, Texas,797.6
Bastrop, Texas,895.99
Baylor, Texas,901.08
Bee, Texas,880.39
Bell, Texas,1087.19
Bexar, Texas,1256.76
Blanco, Texas,713.46
Borden, Texas,906.11
Bosque, Texas,1002.72
Bowie, Texas,922.83
Brazoria, Texas,1597.54
Brazos, Texas,590.35
Brewster, Texas,6193.22
Briscoe, Texas,901.64
Brooks, Texas,943.67
Brown, Texas,957.03
Burleson, Texas,677.83
Burnet, Texas,1020.18
Caldwell, Texas,547.46
Calhoun, Texas,1032.24
Callahan, Texas,901.34
Cameron, Texas,1276.42
Camp, Texas,203.21
Carson, Texas,924.15
Cass, Texas,960.41
Castro, Texas,899.39
Chambers, Texas,868.59
Cherokee, Texas,1062.02
Childress, Texas,713.66
Clay, Texas,1116.23
Cochran, Texas,775.34
Coke, Texas,928.07
Coleman, Texas,1281.55
Collin, Texas,885.91
Collingsworth, Texas,919.48
Colorado, Texas,973.68
Comal, Texas,574.65
Comanche, Texas,947.74
Concho, Texas,993.75
Cooke, Texas,898.87
Coryell, Texas,1056.81
Cottle, Texas,901.66
Crane, Texas,785.65
Crockett, Texas,2807.66
Crosby, Texas,901.74
Culberson, Texas,3812.94
Dallam, Texas,1505.37
Dallas, Texas,908.87
Dawson, Texas,902.16
Deaf Smith, Texas,1498.36
Delta, Texas,277.94
Denton, Texas,957.72
DeWitt, Texas,910.55
Dickens, Texas,905.26
Dimmit, Texas,1334.58
Donley, Texas,933.09
Duval, Texas,1795.82
Eastland, Texas,931.98
Ector, Texas,901.76
Edwards, Texas,2120.13
Ellis, Texas,951.73
El Paso, Texas,1014.75
Erath, Texas,1089.88
Falls, Texas,773.86
Fannin, Texas,899.23
Fayette, Texas,959.92
Fisher, Texas,901.82
Floyd, Texas,992.57
Foard, Texas,707.74
Fort Bend, Texas,886.11
Franklin, Texas,294.79
Freestone, Texas,892.2
Frio, Texas,1134.39
Gaines, Texas,1502.91
Galveston, Texas,876.46
Garza, Texas,896.25
Gillespie, Texas,1061.58
Glasscock, Texas,901
Goliad, Texas,859.43
Gonzales, Texas,1069.91
Gray, Texas,929.3
Grayson, Texas,979.25
Gregg, Texas,276.41
Grimes, Texas,801.27
Guadalupe, Texas,714.23
Hale, Texas,1004.86
Hall, Texas,904.13
Hamilton, Texas,836.45
Hansford, Texas,920.48
Hardeman, Texas,697.05
Hardin, Texas,897.43
Harris, Texas,1777.89
Harrison, Texas,915.17
Hartley, Texas,1463.3
Haskell, Texas,910.33
Hays, Texas,679.85
Hemphill, Texas,912.11
Henderson, Texas,949.09
Hidalgo, Texas,1582.78
Hill, Texas,985.71
Hockley, Texas,908.57
Hood, Texas,436.82
Hopkins, Texas,792.8
Houston, Texas,1236.93
Howard, Texas,904.27
Hudspeth, Texas,4572.26
Hunt, Texas,882.09
Hutchinson, Texas,895.01
Irion, Texas,1051.68
Jack, Texas,920.18
Jackson, Texas,857.1
Jasper, Texas,969.68
Jeff Davis, Texas,2264.77
Jefferson, Texas,1111.32
Jim Hogg, Texas,1136.24
Jim Wells, Texas,868.3
Johnson, Texas,734.43
Jones, Texas,937.21
Karnes, Texas,753.58
Kaufman, Texas,806.87
Kendall, Texas,663.1
Kenedy, Texas,1945.6
Kent, Texas,902.97
Kerr, Texas,1107.76
Kimble, Texas,1251.02
King, Texas,913.38
Kinney, Texas,1365.4
Kleberg, Texas,1090.5
Knox, Texas,855.5
Lamar, Texas,932.53
Lamb, Texas,1017.8
Lampasas, Texas,714.02
La Salle, Texas,1494.36
Lavaca, Texas,970.44
Lee, Texas,634.09
Leon, Texas,1080.47
Liberty, Texas,1176.33
Limestone, Texas,933.22
Lipscomb, Texas,932.28
Live Oak, Texas,1078.94
Llano, Texas,966.25
Loving, Texas,676.88
Lubbock, Texas,900.74
Lynn, Texas,893.5
McCulloch, Texas,1073.43
McLennan, Texas,1060.27
McMullen, Texas,1142.71
Madison, Texas,472.48
Marion, Texas,420.39
Martin, Texas,915.69
Mason, Texas,932.26
Matagorda, Texas,1612.33
Maverick, Texas,1291.84
Medina, Texas,1334.63
Menard, Texas,902.32
Midland, Texas,902.03
Milam, Texas,1021.74
Mills, Texas,749.95
Mitchell, Texas,915.98
Montague, Texas,938.51
Montgomery, Texas,1076.91
Moore, Texas,909.68
Morris, Texas,258.65
Motley, Texas,989.87
Nacogdoches, Texas,981.41
Navarro, Texas,1086.27
Newton, Texas,939.57
Nolan, Texas,914.01
Nueces, Texas,1166.58
Ochiltree, Texas,918.14
Oldham, Texas,1501.53
Orange, Texas,379.56
Palo Pinto, Texas,985.56
Panola, Texas,821.39
Parker, Texas,910.15
Parmer, Texas,885.23
Pecos, Texas,4765.11
Polk, Texas,1109.91
Potter, Texas,922.06
Presidio, Texas,3856.54
Rains, Texas,258.89
Randall, Texas,922.49
Reagan, Texas,1176.09
Real, Texas,700.09
Red River, Texas,1057.67
Reeves, Texas,2642.13
Refugio, Texas,818.72
Roberts, Texas,924.25
Robertson, Texas,865.73
Rockwall, Texas,148.71
Runnels, Texas,1057.22
Rusk, Texas,938.7
Sabine, Texas,576.65
San Augustine, Texas,592.25
San Jacinto, Texas,627.96
San Patricio, Texas,707.11
San Saba, Texas,1138.33
Schleicher, Texas,1310.74
Scurry, Texas,907.61
Shackelford, Texas,915.61
Shelby, Texas,834.6
Sherman, Texas,923.27
Smith, Texas,949.55
Somervell, Texas,191.91
Starr, Texas,1229.38
Stephens, Texas,921.55
Sterling, Texas,923.58
Stonewall, Texas,920.31
Sutton, Texas,1454.52
Swisher, Texas,900.74
Tarrant, Texas,897.56
Taylor, Texas,919.34
Terrell, Texas,2357.94
Terry, Texas,890.96
Throckmorton, Texas,915.54
Titus, Texas,425.72
Tom Green, Texas,1540.63
Travis, Texas,1022.19
Trinity, Texas,714.05
Tyler, Texas,935.77
Upshur, Texas,592.72
Upton, Texas,1241.93
Uvalde, Texas,1558.71
Val Verde, Texas,3232.7
Van Zandt, Texas,859.56
Victoria, Texas,888.81
Walker, Texas,801.51
Waller, Texas,518.49
Ward, Texas,835.81
Washington, Texas,621.4
Webb, Texas,3375.67
Wharton, Texas,1094.51
Wheeler, Texas,915.39
Wichita, Texas,633.04
Wilbarger, Texas,978.16
Willacy, Texas,784.27
Williamson, Texas,1136.5
Wilson, Texas,808.64
Winkler, Texas,841.29
Wise, Texas,922.84
Wood, Texas,695.87
Yoakum, Texas,799.79
Young, Texas,930.9
Zapata, Texas,1058.18
Zavala, Texas,1301.82
Beaver, Utah,2592.43
Box Elder, Utah,6729.45
Cache, Utah,1173.17
Carbon, Utah,1484.69
Daggett, Utah,723.1
Davis, Utah,633.57
Duchesne, Utah,3256.29
Emery, Utah,4461.83
Garfield, Utah,5208.5
Grand, Utah,3694.3
Iron, Utah,3302.12
Juab, Utah,3406.46
Kane, Utah,4108.6
Millard, Utah,6828.51
Morgan, Utah,610.79
Piute, Utah,765.81
Rich, Utah,1086.36
Salt Lake, Utah,807.83
San Juan, Utah,7933.64
Sanpete, Utah,1602.71
Sevier, Utah,1918.41
Summit, Utah,1882.15
Tooele, Utah,7287.73
Uintah, Utah,4499.21
Utah, Utah,2141.06
Wasatch, Utah,1209.24
Washington, Utah,2430.07
Wayne, Utah,2466.61
Weber, Utah,659.49
Addison, Vermont,808.46
Bennington, Vermont,677.72
Caledonia, Vermont,657.74
Chittenden, Vermont,619.62
Essex, Vermont,673.83
Franklin, Vermont,692.66
Grand Isle, Vermont,194.66
Lamoille, Vermont,463.47
Orange, Vermont,691.97
Orleans, Vermont,720.33
Rutland, Vermont,944.43
Washington, Vermont,695.83
Windham, Vermont,798.18
Windsor, Vermont,976.09
Accomack, Virginia,1310.18
Albemarle, Virginia,726.24
Alleghany, Virginia,446.93
Amelia, Virginia,358.57
Amherst, Virginia,478.81
Appomattox, Virginia,334.75
Arlington, Virginia,25.97
Augusta, Virginia,972.28
Bath, Virginia,534.59
Bedford, Virginia,769.36
Bland, Virginia,358.74
Botetourt, Virginia,545.98
Brunswick, Virginia,569.4
Buchanan, Virginia,503.9
Buckingham, Virginia,583.6
Campbell, Virginia,507.28
Caroline, Virginia,538.94
Carroll, Virginia,477.84
Charles City, Virginia,203.9
Charlotte, Virginia,477.46
Chesterfield, Virginia,438.43
Clarke, Virginia,178.2
Craig, Virginia,330.07
Culpeper, Virginia,382.32
Cumberland, Virginia,299.76
Dickenson, Virginia,334.57
Dinwiddie, Virginia,507.04
Essex, Virginia,285.92
Fairfax, Virginia,406.81
Fauquier, Virginia,651.83
Floyd, Virginia,381.49
Fluvanna, Virginia,290.23
Franklin, Virginia,711.6
Frederick, Virginia,415.66
Giles, Virginia,360.97
Gloucester, Virginia,288.02
Goochland, Virginia,290.01
Grayson, Virginia,445.93
Greene, Virginia,156.98
Greensville, Virginia,296.83
Halifax, Virginia,824.05
Hanover, Virginia,474.11
Henrico, Virginia,243.22
Henry, Virginia,384.41
Highland, Virginia,415.88
Isle of Wight, Virginia,362.79
James City, Virginia,179.73
King and Queen, Virginia,326.35
King George, Virginia,187.81
King William, Virginia,285.67
Lancaster, Virginia,231.36
Lee, Virginia,437.34
Loudoun, Virginia,521.14
Louisa, Virginia,510.83
Lunenburg, Virginia,432.4
Madison, Virginia,321.81
Mathews, Virginia,251.98
Mecklenburg, Virginia,679.34
Middlesex, Virginia,210.76
Montgomery, Virginia,389.44
Nelson, Virginia,474.34
New Kent, Virginia,223.77
Northampton, Virginia,795.4
Northumberland, Virginia,285.68
Nottoway, Virginia,316.13
Orange, Virginia,343.44
Page, Virginia,314.11
Patrick, Virginia,485.88
Pittsylvania, Virginia,978.21
Powhatan, Virginia,262.42
Prince Edward, Virginia,353.87
Prince George, Virginia,281.55
Prince William, Virginia,349.05
Pulaski, Virginia,329.6
Rappahannock, Virginia,266.86
Richmond, Virginia,216.4
Roanoke, Virginia,250.84
Rockbridge, Virginia,601.02
Rockingham, Virginia,853.35
Russell, Virginia,476.78
Scott, Virginia,538.66
Shenandoah, Virginia,512.56
Smyth, Virginia,452.33
Southampton, Virginia,603.07
Spotsylvania, Virginia,412.3
Stafford, Virginia,279.55
Surry, Virginia,310.32
Sussex, Virginia,492.86
Tazewell, Virginia,519.91
Warren, Virginia,216.35
Washington, Virginia,567.59
Westmoreland, Virginia,252.65
Wise, Virginia,404.56
Wythe, Virginia,464.63
York, Virginia,215.5
Alexandria, Virginia,15.38
Bedford, Virginia,6.86
Bristol, Virginia,11.59
Buena Vista, Virginia,6.83
Charlottesville, Virginia,10.26
Chesapeake, Virginia,350.92
Clifton Forge, Virginia,3.1
Colonial Heights, Virginia,7.79
Covington, Virginia,4.44
Danville, Virginia,43.94
Emporia, Virginia,6.96
Fairfax, Virginia,6.16
Falls Church, Virginia,2
Franklin, Virginia,7.72
Fredericksburg, Virginia,10.52
Galax, Virginia,8.07
Hampton, Virginia,128.56
Harrisonburg, Virginia,17.59
Hopewell, Virginia,10.72
Lexington, Virginia,2.49
Lynchburg, Virginia,49.77
Manassas, Virginia,10.03
Manassas Park, Virginia,1.83
Martinsville, Virginia,11.01
Newport News, Virginia,119.03
Norfolk, Virginia,96.3
Norton, Virginia,7.26
Petersburg, Virginia,23.22
Poquoson, Virginia,78.43
Portsmouth, Virginia,46.62
Radford, Virginia,10.19
Richmond, Virginia,62.61
Roanoke, Virginia,42.93
Salem, Virginia,14.55
South Boston, Virginia,5.55
Staunton, Virginia,19.76
Suffolk, Virginia,429.09
Virginia Beach, Virginia,497.35
Waynesboro, Virginia,14.06
Williamsburg, Virginia,8.74
Winchester, Virginia,9.33
Adams, Washington,1929.73
Asotin, Washington,640.69
Benton, Washington,1760.19
Chelan, Washington,2993.87
Clallam, Washington,2676.14
Clark, Washington,656.26
Columbia, Washington,873.52
Cowlitz, Washington,1166.41
Douglas, Washington,1848.74
Ferry, Washington,2257.46
Franklin, Washington,1265.38
Garfield, Washington,718.18
Grant, Washington,2791.37
Grays Harbor, Washington,2224.59
Island, Washington,517.39
Jefferson, Washington,2178.03
King, Washington,2306.77
Kitsap, Washington,565.98
Kittitas, Washington,2333.24
Klickitat, Washington,1904.29
Lewis, Washington,2436.43
Lincoln, Washington,2339.74
Mason, Washington,1051.09
Okanogan, Washington,5315.38
Pacific, Washington,1223.58
Pend Oreille, Washington,1425.34
Pierce, Washington,1806.67
San Juan, Washington,621.09
Skagit, Washington,1920.49
Skamania, Washington,1683.95
Snohomish, Washington,2196.53
Spokane, Washington,1780.82
Stevens, Washington,2540.66
Thurston, Washington,773.68
Wahkiakum, Washington,286.7
Walla Walla, Washington,1299.23
Whatcom, Washington,2503.64
Whitman, Washington,2177.61
Yakima, Washington,4311.78
Barbour, West Virginia,342.77
Berkeley, West Virginia,321.61
Boone, West Virginia,503.22
Braxton, West Virginia,516.2
Brooke, West Virginia,92.26
Cabell, West Virginia,288.04
Calhoun, West Virginia,280.65
Clay, West Virginia,343.85
Doddridge, West Virginia,320.51
Fayette, West Virginia,668.4
Gilmer, West Virginia,340.09
Grant, West Virginia,480.23
Greenbrier, West Virginia,1024.49
Hampshire, West Virginia,644.67
Hancock, West Virginia,88.36
Hardy, West Virginia,584.52
Harrison, West Virginia,416.63
Jackson, West Virginia,471.62
Jefferson, West Virginia,211.59
Kanawha, West Virginia,911.07
Lewis, West Virginia,389.79
Lincoln, West Virginia,438.61
Logan, West Virginia,455.63
McDowell, West Virginia,534.94
Marion, West Virginia,311.51
Marshall, West Virginia,312.2
Mason, West Virginia,444.84
Mercer, West Virginia,420.71
Mineral, West Virginia,329.16
Mingo, West Virginia,423.66
Monongalia, West Virginia,365.91
Monroe, West Virginia,473.68
Morgan, West Virginia,229.69
Nicholas, West Virginia,654.45
Ohio, West Virginia,108.86
Pendleton, West Virginia,698.21
Pleasants, West Virginia,134.6
Pocahontas, West Virginia,941.9
Preston, West Virginia,651.45
Putnam, West Virginia,350.42
Raleigh, West Virginia,609.38
Randolph, West Virginia,1040
Ritchie, West Virginia,453.61
Roane, West Virginia,483.8
Summers, West Virginia,367.73
Taylor, West Virginia,175.7
Tucker, West Virginia,421.13
Tyler, West Virginia,260.71
Upshur, West Virginia,354.89
Wayne, West Virginia,512.23
Webster, West Virginia,556.18
Wetzel, West Virginia,361.39
Wirt, West Virginia,234.85
Wood, West Virginia,376.98
Wyoming, West Virginia,501.85
Adams, Wisconsin,688.57
Ashland, Wisconsin,2294.11
Barron, Wisconsin,890.08
Bayfield, Wisconsin,2041.75
Brown, Wisconsin,615.47
Buffalo, Wisconsin,709.63
Burnett, Wisconsin,880.44
Calumet, Wisconsin,397.06
Chippewa, Wisconsin,1041.36
Clark, Wisconsin,1219.14
Columbia, Wisconsin,795.78
Crawford, Wisconsin,599.29
Dane, Wisconsin,1238.43
Dodge, Wisconsin,907.08
Door, Wisconsin,2369.94
Douglas, Wisconsin,1480.03
Dunn, Wisconsin,863.96
Eau Claire, Wisconsin,645.31
Florence, Wisconsin,497.52
Fond du Lac, Wisconsin,765.87
Forest, Wisconsin,1046.49
Grant, Wisconsin,1183.44
Green, Wisconsin,584.62
Green Lake, Wisconsin,380.46
Iowa, Wisconsin,768.16
Iron, Wisconsin,919.29
Jackson, Wisconsin,1000.08
Jefferson, Wisconsin,582.8
Juneau, Wisconsin,804.22
Kenosha, Wisconsin,754.36
Kewaunee, Wisconsin,1084.61
La Crosse, Wisconsin,479.96
Lafayette, Wisconsin,634.62
Langlade, Wisconsin,887.95
Lincoln, Wisconsin,906.97
Manitowoc, Wisconsin,1493.85
Marathon, Wisconsin,1576.24
Marinette, Wisconsin,1550.26
Marquette, Wisconsin,464.46
Menominee, Wisconsin,365.02
Milwaukee, Wisconsin,1189.8
Monroe, Wisconsin,908.47
Oconto, Wisconsin,1149.18
Oneida, Wisconsin,1236.11
Outagamie, Wisconsin,644.46
Ozaukee, Wisconsin,1116.3
Pepin, Wisconsin,248.7
Pierce, Wisconsin,591.62
Polk, Wisconsin,956.33
Portage, Wisconsin,822.82
Price, Wisconsin,1278.57
Racine, Wisconsin,791.98
Richland, Wisconsin,589.45
Rock, Wisconsin,726.26
Rusk, Wisconsin,930.96
St. Croix, Wisconsin,735.85
Sauk, Wisconsin,848.51
Sawyer, Wisconsin,1350.44
Shawano, Wisconsin,909.39
Sheboygan, Wisconsin,1271.07
Taylor, Wisconsin,984.58
Trempealeau, Wisconsin,742.05
Vernon, Wisconsin,816.5
Vilas, Wisconsin,1017.92
Walworth, Wisconsin,576.55
Washburn, Wisconsin,853.13
Washington, Wisconsin,435.92
Waukesha, Wisconsin,580.52
Waupaca, Wisconsin,765.38
Waushara, Wisconsin,637.44
Winnebago, Wisconsin,578.75
Wood, Wisconsin,809.51
Albany, Wyoming,4309.03
Big Horn, Wyoming,3159.1
Campbell, Wyoming,4801.69
Carbon, Wyoming,7964.44
Converse, Wyoming,4265.29
Crook, Wyoming,2870.61
Fremont, Wyoming,9266.21
Goshen, Wyoming,2232.31
Hot Springs, Wyoming,2006.32
Johnson, Wyoming,4174.86
Laramie, Wyoming,2687.82
Lincoln, Wyoming,4089.23
Natrona, Wyoming,5375.91
Niobrara, Wyoming,2627.99
Park, Wyoming,6968.85
Platte, Wyoming,2111.02
Sheridan, Wyoming,2527.14
Sublette, Wyoming,4935.97
Sweetwater, Wyoming,10491.73
Teton, Wyoming,4221.96
Uinta, Wyoming,2087.66
Washakie, Wyoming,2242.85
Weston, Wyoming,2400.13
